Year	Location	Longitude	Latitude	CitationCount
2014	"Boston,MA"	-71.05674	42.35866	13
2014	"Boston,MA"	-71.05674	42.35866	12
2011	"Boston,MA"	-71.05674	42.35866	0
2011	"Boston,MA"	-71.05674	42.35866	4
2011	"Boston,MA"	-71.05674	42.35866	22
2014	"Boston,MA"	-71.05674	42.35866	10
2011	"Boston,MA"	-71.05674	42.35866	30
2014	"Boston,MA"	-71.05674	42.35866	0
2011	"Boston,MA"	-71.05674	42.35866	3
2011	"Boston,MA"	-71.05674	42.35866	3
2011	"Boston,MA"	-71.05674	42.35866	3
2011	"Boston,MA"	-71.05674	42.35866	34
2014	"Boston,MA"	-71.05674	42.35866	4
2014	"Boston,MA"	-71.05674	42.35866	1
2011	"Boston,MA"	-71.05674	42.35866	6
2009	"Boston,MA"	-71.05674	42.35866	9
2011	"Boston,MA"	-71.05674	42.35866	0
2009	"Boston,MA"	-71.05674	42.35866	2
2014	"Boston,MA"	-71.05674	42.35866	19
2011	"Boston,MA"	-71.05674	42.35866	5
2011	"Boston,MA"	-71.05674	42.35866	0
2014	"Boston,MA"	-71.05674	42.35866	1
2014	"Boston,MA"	-71.05674	42.35866	2
2014	"Boston,MA"	-71.05674	42.35866	0
2014	"Boston,MA"	-71.05674	42.35866	0
2009	"Boston,MA"	-71.05674	42.35866	0
2011	"Boston,MA"	-71.05674	42.35866	3
2011	"Boston,MA"	-71.05674	42.35866	12
2014	"Boston,MA"	-71.05674	42.35866	2
2014	"Boston,MA"	-71.05674	42.35866	0
2011	"Boston,MA"	-71.05674	42.35866	77
2014	"Boston,MA"	-71.05674	42.35866	5
2014	"Boston,MA"	-71.05674	42.35866	0
2014	"Boston,MA"	-71.05674	42.35866	3
2011	"Boston,MA"	-71.05674	42.35866	5
2011	"Boston,MA"	-71.05674	42.35866	4
2014	"Boston,MA"	-71.05674	42.35866	0
2011	"Boston,MA"	-71.05674	42.35866	23
2014	"Boston,MA"	-71.05674	42.35866	0
2011	"Boston,MA"	-71.05674	42.35866	2
2011	"Boston,MA"	-71.05674	42.35866	17
2014	"Boston,MA"	-71.05674	42.35866	0
2009	"Boston,MA"	-71.05674	42.35866	24
2014	"Boston,MA"	-71.05674	42.35866	17
2011	"Boston,MA"	-71.05674	42.35866	1
2011	"Boston,MA"	-71.05674	42.35866	11
2011	"Boston,MA"	-71.05674	42.35866	9
2011	"Boston,MA"	-71.05674	42.35866	6
2014	"Boston,MA"	-71.05674	42.35866	17
2009	"Boston,MA"	-71.05674	42.35866	15
2011	"Boston,MA"	-71.05674	42.35866	1
2011	"Boston,MA"	-71.05674	42.35866	3
2014	"Chicago, IL"	-87.63245	41.88425	7
2011	"Chicago, IL"	-87.63245	41.88425	14
2011	"Chicago, IL"	-87.63245	41.88425	3
2014	"Chicago, IL"	-87.63245	41.88425	2
2011	"Chicago, IL"	-87.63245	41.88425	3
2011	"Chicago, IL"	-87.63245	41.88425	12
2011	"Chicago, IL"	-87.63245	41.88425	3
2011	"Chicago, IL"	-87.63245	41.88425	6
2014	"Chicago, IL"	-87.63245	41.88425	3
2014	"Chicago, IL"	-87.63245	41.88425	11
2011	"Chicago, IL"	-87.63245	41.88425	2
2014	"Chicago, IL"	-87.63245	41.88425	1
2014	"Chicago, IL"	-87.63245	41.88425	3
2011	"Chicago, IL"	-87.63245	41.88425	6
2014	"Chicago, IL"	-87.63245	41.88425	8
2014	"Chicago, IL"	-87.63245	41.88425	1
2014	"Chicago, IL"	-87.63245	41.88425	3
2011	"Chicago, IL"	-87.63245	41.88425	0
2011	"Chicago, IL"	-87.63245	41.88425	2
2014	"Chicago, IL"	-87.63245	41.88425	2
2014	"Chicago, IL"	-87.63245	41.88425	5
2014	"Chicago, IL"	-87.63245	41.88425	2
2011	"Chicago, IL"	-87.63245	41.88425	13
2014	"Chicago, IL"	-87.63245	41.88425	7
2014	"Chicago, IL"	-87.63245	41.88425	26
2011	"Chicago, IL"	-87.63245	41.88425	1
2011	"Chicago, IL"	-87.63245	41.88425	2
2011	"Chicago, IL"	-87.63245	41.88425	20
2011	"Chicago, IL"	-87.63245	41.88425	36
2014	"Chicago, IL"	-87.63245	41.88425	4
2011	"Chicago, IL"	-87.63245	41.88425	16
2014	"Chicago, IL"	-87.63245	41.88425	7
2014	"Chicago, IL"	-87.63245	41.88425	2
2011	"Chicago, IL"	-87.63245	41.88425	1
2011	"Chicago, IL"	-87.63245	41.88425	1
2011	"Denver, CO"	-104.989174	39.73715	0
2015	"Denver, CO"	-74.00712	40.71455	2
2011	"Denver, CO"	-104.989174	39.73715	24
2011	"Denver, CO"	-104.989174	39.73715	2
2011	"Denver, CO"	-104.989174	39.73715	2
2011	"Denver, CO"	-104.989174	39.73715	0
2011	"Denver, CO"	-104.989174	39.73715	0
2011	"Denver, CO"	-104.989174	39.73715	0
2011	"Denver, CO"	-104.989174	39.73715	0
2011	"Denver, CO"	-104.989174	39.73715	0
2011	"Denver, CO"	-104.989174	39.73715	0
2011	"Denver, CO"	-104.989174	39.73715	0
2011	"Denver, CO"	-104.989174	39.73715	0
2011	"Denver, CO"	-104.989174	39.73715	0
2011	"Denver, CO"	-104.989174	39.73715	0
2011	"Denver, CO"	-104.989174	39.73715	0
2011	"Denver, CO"	-104.989174	39.73715	0
2011	"Denver, CO"	-104.989174	39.73715	0
2011	"Denver, CO"	-104.989174	39.73715	0
2011	"Denver, CO"	-104.989174	39.73715	0
2011	"Denver, CO"	-104.989174	39.73715	0
2011	"Denver, CO"	-104.989174	39.73715	0
2011	"Denver, CO"	-104.989174	39.73715	0
2011	"Denver, CO"	-104.989174	39.73715	0
2011	"Denver, CO"	-104.989174	39.73715	0
2011	"Denver, CO"	-104.989174	39.73715	0
2011	"Denver, CO"	-104.989174	39.73715	0
2011	"Denver, CO"	-104.989174	39.73715	0
2011	"Denver, CO"	-104.989174	39.73715	0
2011	"Denver, CO"	-104.989174	39.73715	0
2011	"Denver, CO"	-104.989174	39.73715	1
2011	"Denver, CO"	-104.989174	39.73715	1
2011	"Denver, CO"	-104.989174	39.73715	0
2011	"Denver, CO"	-104.989174	39.73715	0
2011	"Denver, CO"	-104.989174	39.73715	0
2011	"Denver, CO"	-104.989174	39.73715	0
2011	"Denver, CO"	-104.989174	39.73715	0
2011	"Denver, CO"	-104.989174	39.73715	0
2011	"Denver, CO"	-104.989174	39.73715	0
2011	"Denver, CO"	-104.989174	39.73715	0
2011	"Denver, CO"	-104.989174	39.73715	1
2011	"Denver, CO"	-104.989174	39.73715	0
2011	"Denver, CO"	-104.989174	39.73715	0
2011	"Denver, CO"	-104.989174	39.73715	0
2011	"Denver, CO"	-104.989174	39.73715	0
2011	"Denver, CO"	-104.989174	39.73715	0
2011	"Denver, CO"	-104.989174	39.73715	0
2011	"Denver, CO"	-104.989174	39.73715	0
2011	"Denver, CO"	-104.989174	39.73715	0
2011	"Denver, CO"	-104.989174	39.73715	0
2011	"Denver, CO"	-104.989174	39.73715	0
2011	"Denver, CO"	-104.989174	39.73715	0
2011	"Denver, CO"	-104.989174	39.73715	1
2011	"Denver, CO"	-104.989174	39.73715	0
2011	"Denver, CO"	-104.989174	39.73715	0
2011	"Denver, CO"	-104.989174	39.73715	0
2011	"Denver, CO"	-104.989174	39.73715	0
2011	"Denver, CO"	-104.989174	39.73715	0
2011	"Denver, CO"	-104.989174	39.73715	0
2011	"Denver, CO"	-104.989174	39.73715	3
2011	"Denver, CO"	-104.989174	39.73715	1
2011	"Denver, CO"	-104.989174	39.73715	0
2011	"Denver, CO"	-104.989174	39.73715	0
2011	"Denver, CO"	-104.989174	39.73715	0
2011	"Denver, CO"	-104.989174	39.73715	0
2011	"Denver, CO"	-104.989174	39.73715	0
2011	"Denver, CO"	-104.989174	39.73715	1
2011	"Denver, CO"	-104.989174	39.73715	0
2011	"Denver, CO"	-104.989174	39.73715	0
2011	"Denver, CO"	-104.989174	39.73715	1
2011	"Denver, CO"	-104.989174	39.73715	0
2011	"Denver, CO"	-104.989174	39.73715	0
2011	"Denver, CO"	-104.989174	39.73715	0
2011	"Denver, CO"	-104.989174	39.73715	0
2011	"Denver, CO"	-104.989174	39.73715	0
2015	"Denver, CO"	-104.989174	39.73715	1
2011	"Denver, CO"	-104.989174	39.73715	1
2011	"Denver, CO"	-104.989174	39.73715	0
2011	"Denver, CO"	-104.989174	39.73715	0
2011	"Denver, CO"	-104.989174	39.73715	0
2011	"Denver, CO"	-104.989174	39.73715	0
2011	"Denver, CO"	-104.989174	39.73715	0
2011	"Denver, CO"	-104.989174	39.73715	1
2011	"Denver, CO"	-104.989174	39.73715	1
2011	"Denver, CO"	-104.989174	39.73715	0
2011	"Denver, CO"	-104.989174	39.73715	1
2011	"Denver, CO"	-104.989174	39.73715	0
2011	"Denver, CO"	-104.989174	39.73715	1
2011	"Denver, CO"	-104.989174	39.73715	0
2011	"Denver, CO"	-104.989174	39.73715	1
2011	"Denver, CO"	-104.989174	39.73715	0
2011	"Denver, CO"	-104.989174	39.73715	0
2011	"Denver, CO"	-104.989174	39.73715	0
2011	"Denver, CO"	-104.989174	39.73715	0
2011	"Denver, CO"	-104.989174	39.73715	0
2011	"Denver, CO"	-104.989174	39.73715	0
2011	"Denver, CO"	-104.989174	39.73715	0
2011	"Denver, CO"	-104.989174	39.73715	0
2011	"Denver, CO"	-104.989174	39.73715	0
2011	"Denver, CO"	-104.989174	39.73715	0
2011	"Denver, CO"	-104.989174	39.73715	0
2011	"Denver, CO"	-104.989174	39.73715	1
2011	"Denver, CO"	-104.989174	39.73715	0
2011	"Denver, CO"	-104.989174	39.73715	0
2011	"Denver, CO"	-104.989174	39.73715	0
2011	"Denver, CO"	-104.989174	39.73715	0
2011	"Denver, CO"	-104.989174	39.73715	0
2011	"Denver, CO"	-104.989174	39.73715	0
2011	"Denver, CO"	-104.989174	39.73715	0
2011	"Denver, CO"	-104.989174	39.73715	1
2011	"Denver, CO"	-104.989174	39.73715	0
2011	"Denver, CO"	-104.989174	39.73715	0
2011	"Denver, CO"	-104.989174	39.73715	0
2011	"Denver, CO"	-104.989174	39.73715	0
2011	"Denver, CO"	-104.989174	39.73715	0
2011	"Denver, CO"	-104.989174	39.73715	0
2011	"Denver, CO"	-104.989174	39.73715	0
2011	"Denver, CO"	-104.989174	39.73715	0
2011	"Denver, CO"	-104.989174	39.73715	0
2011	"Denver, CO"	-104.989174	39.73715	0
2011	"Denver, CO"	-104.989174	39.73715	0
2011	"Denver, CO"	-104.989174	39.73715	1
2011	"Denver, CO"	-104.989174	39.73715	0
2011	"Denver, CO"	-104.989174	39.73715	0
2011	"Denver, CO"	-104.989174	39.73715	1
2011	"Denver, CO"	-104.989174	39.73715	0
2011	"Denver, CO"	-104.989174	39.73715	0
2011	"Denver, CO"	-104.989174	39.73715	0
2011	"Denver, CO"	-104.989174	39.73715	1
2011	"Denver, CO"	-104.989174	39.73715	0
2011	"Denver, CO"	-104.989174	39.73715	0
2011	"Denver, CO"	-104.989174	39.73715	0
2011	"Denver, CO"	-104.989174	39.73715	0
2011	"Denver, CO"	-104.989174	39.73715	0
2011	"Denver, CO"	-104.989174	39.73715	0
2011	"Denver, CO"	-104.989174	39.73715	0
2011	"Denver, CO"	-104.989174	39.73715	0
2011	"Denver, CO"	-104.989174	39.73715	0
2011	"Denver, CO"	-104.989174	39.73715	0
2011	"Denver, CO"	-104.989174	39.73715	0
2011	"Denver, CO"	-104.989174	39.73715	0
2011	"Denver, CO"	-104.989174	39.73715	0
2011	"Denver, CO"	-104.989174	39.73715	0
2011	"Denver, CO"	-104.989174	39.73715	0
2011	"Denver, CO"	-104.989174	39.73715	0
2011	"Denver, CO"	-104.989174	39.73715	1
2011	"Denver, CO"	-104.989174	39.73715	0
2011	"Denver, CO"	-104.989174	39.73715	0
2011	"Denver, CO"	-104.989174	39.73715	1
2011	"Denver, CO"	-104.989174	39.73715	0
2011	"Denver, CO"	-104.989174	39.73715	0
2011	"Denver, CO"	-104.989174	39.73715	1
2011	"Denver, CO"	-104.989174	39.73715	0
2011	"Denver, CO"	-104.989174	39.73715	0
2011	"Denver, CO"	-104.989174	39.73715	0
2011	"Denver, CO"	-104.989174	39.73715	0
2011	"Denver, CO"	-104.989174	39.73715	1
2011	"Denver, CO"	-104.989174	39.73715	0
2011	"Denver, CO"	-104.989174	39.73715	0
2011	"Denver, CO"	-104.989174	39.73715	0
2011	"Denver, CO"	-104.989174	39.73715	0
2011	"Denver, CO"	-104.989174	39.73715	0
2011	"Denver, CO"	-104.989174	39.73715	0
2011	"Denver, CO"	-104.989174	39.73715	0
2011	"Denver, CO"	-104.989174	39.73715	0
2011	"Denver, CO"	-104.989174	39.73715	0
2011	"Denver, CO"	-104.989174	39.73715	1
2011	"Denver, CO"	-104.989174	39.73715	0
2011	"Denver, CO"	-104.989174	39.73715	0
2011	"Denver, CO"	-104.989174	39.73715	0
2011	"Denver, CO"	-104.989174	39.73715	1
2011	"Denver, CO"	-104.989174	39.73715	0
2011	"Denver, CO"	-104.989174	39.73715	0
2011	"Denver, CO"	-104.989174	39.73715	0
2011	"Denver, CO"	-104.989174	39.73715	0
2011	"Denver, CO"	-104.989174	39.73715	0
2011	"Denver, CO"	-104.989174	39.73715	0
2011	"Denver, CO"	-104.989174	39.73715	0
2011	"Denver, CO"	-104.989174	39.73715	0
2011	"Denver, CO"	-104.989174	39.73715	0
2011	"Denver, CO"	-104.989174	39.73715	0
2011	"Denver, CO"	-104.989174	39.73715	0
2011	"Denver, CO"	-104.989174	39.73715	0
2011	"Denver, CO"	-104.989174	39.73715	1
2011	"Denver, CO"	-104.989174	39.73715	1
2011	"Denver, CO"	-104.989174	39.73715	0
2011	"Denver, CO"	-104.989174	39.73715	0
2011	"Denver, CO"	-104.989174	39.73715	0
2011	"Denver, CO"	-104.989174	39.73715	0
2011	"Denver, CO"	-104.989174	39.73715	0
2011	"Denver, CO"	-104.989174	39.73715	0
2011	"Denver, CO"	-104.989174	39.73715	0
2011	"Denver, CO"	-104.989174	39.73715	0
2011	"Denver, CO"	-104.989174	39.73715	0
2015	"Denver, CO"	-104.989174	39.73715	0
2011	"Denver, CO"	-104.989174	39.73715	0
2011	"Denver, CO"	-104.989174	39.73715	0
2011	"Denver, CO"	-104.989174	39.73715	0
2011	"Denver, CO"	-104.989174	39.73715	0
2011	"Denver, CO"	-104.989174	39.73715	0
2011	"Denver, CO"	-104.989174	39.73715	0
2011	"Denver, CO"	-104.989174	39.73715	0
2011	"Denver, CO"	-104.989174	39.73715	0
2011	"Denver, CO"	-104.989174	39.73715	0
2011	"Denver, CO"	-104.989174	39.73715	0
2011	"Denver, CO"	-104.989174	39.73715	0
2011	"Denver, CO"	-104.989174	39.73715	0
2011	"Denver, CO"	-104.989174	39.73715	0
2011	"Denver, CO"	-104.989174	39.73715	1
2011	"Denver, CO"	-104.989174	39.73715	0
2011	"Denver, CO"	-104.989174	39.73715	0
2011	"Denver, CO"	-104.989174	39.73715	0
2011	"Denver, CO"	-104.989174	39.73715	0
2011	"Denver, CO"	-104.989174	39.73715	3
2011	"Denver, CO"	-104.989174	39.73715	1
2011	"Denver, CO"	-104.989174	39.73715	0
2011	"Denver, CO"	-104.989174	39.73715	0
2011	"Denver, CO"	-104.989174	39.73715	1
2011	"Denver, CO"	-104.989174	39.73715	0
2011	"Denver, CO"	-104.989174	39.73715	0
2011	"Denver, CO"	-104.989174	39.73715	0
2011	"Denver, CO"	-104.989174	39.73715	0
2011	"Denver, CO"	-104.989174	39.73715	0
2011	"Denver, CO"	-104.989174	39.73715	0
2011	"Denver, CO"	-104.989174	39.73715	0
2011	"Denver, CO"	-104.989174	39.73715	0
2011	"Denver, CO"	-104.989174	39.73715	0
2011	"Denver, CO"	-104.989174	39.73715	0
2011	"Denver, CO"	-104.989174	39.73715	0
2011	"Denver, CO"	-104.989174	39.73715	0
2011	"Denver, CO"	-104.989174	39.73715	0
2011	"Denver, CO"	-104.989174	39.73715	1
2011	"Denver, CO"	-104.989174	39.73715	2
2011	"Denver, CO"	-104.989174	39.73715	1
2011	"Denver, CO"	-104.989174	39.73715	0
2011	"Denver, CO"	-104.989174	39.73715	0
2011	"Denver, CO"	-104.989174	39.73715	0
2011	"Denver, CO"	-104.989174	39.73715	0
2011	"Denver, CO"	-104.989174	39.73715	0
2011	"Denver, CO"	-104.989174	39.73715	1
2011	"Denver, CO"	-104.989174	39.73715	77
2011	"Denver, CO"	-104.989174	39.73715	0
2011	"Denver, CO"	-104.989174	39.73715	0
2011	"Denver, CO"	-104.989174	39.73715	0
2011	"Denver, CO"	-104.989174	39.73715	0
2011	"Denver, CO"	-104.989174	39.73715	0
2011	"Denver, CO"	-104.989174	39.73715	0
2011	"Denver, CO"	-104.989174	39.73715	0
2011	"Denver, CO"	-104.989174	39.73715	0
2011	"Denver, CO"	-104.989174	39.73715	0
2011	"Denver, CO"	-104.989174	39.73715	0
2011	"Denver, CO"	-104.989174	39.73715	0
2011	"Denver, CO"	-104.989174	39.73715	1
2011	"Denver, CO"	-104.989174	39.73715	0
2011	"Denver, CO"	-104.989174	39.73715	1
2011	"Denver, CO"	-104.989174	39.73715	0
2011	"Denver, CO"	-104.989174	39.73715	0
2011	"Denver, CO"	-104.989174	39.73715	0
2011	"Denver, CO"	-104.989174	39.73715	0
2011	"Denver, CO"	-104.989174	39.73715	0
2011	"Denver, CO"	-104.989174	39.73715	0
2011	"Denver, CO"	-104.989174	39.73715	0
2011	"Denver, CO"	-104.989174	39.73715	0
2011	"Denver, CO"	-104.989174	39.73715	0
2011	"Denver, CO"	-104.989174	39.73715	0
2011	"Denver, CO"	-104.989174	39.73715	1
2011	"Denver, CO"	-104.989174	39.73715	0
2011	"Denver, CO"	-104.989174	39.73715	0
2011	"Denver, CO"	-104.989174	39.73715	0
2011	"Denver, CO"	-104.989174	39.73715	0
2015	"Denver, CO"	-104.989174	39.73715	0
2011	"Denver, CO"	-104.989174	39.73715	2
2011	"Denver, CO"	-104.989174	39.73715	0
2011	"Denver, CO"	-104.989174	39.73715	0
2011	"Denver, CO"	-104.989174	39.73715	0
2011	"Denver, CO"	-104.989174	39.73715	0
2011	"Denver, CO"	-104.989174	39.73715	0
2011	"Denver, CO"	-104.989174	39.73715	0
2011	"Denver, CO"	-104.989174	39.73715	0
2011	"Denver, CO"	-104.989174	39.73715	1
2011	"Denver, CO"	-104.989174	39.73715	0
2011	"Denver, CO"	-104.989174	39.73715	0
2011	"Denver, CO"	-104.989174	39.73715	1
2011	"Denver, CO"	-104.989174	39.73715	1
2011	"Denver, CO"	-104.989174	39.73715	5
2011	"Denver, CO"	-104.989174	39.73715	0
2011	"Denver, CO"	-104.989174	39.73715	0
2011	"Denver, CO"	-104.989174	39.73715	0
2011	"Denver, CO"	-104.989174	39.73715	0
2011	"Denver, CO"	-104.989174	39.73715	1
2011	"Denver, CO"	-104.989174	39.73715	0
2011	"Denver, CO"	-104.989174	39.73715	0
2011	"Denver, CO"	-104.989174	39.73715	0
2011	"Denver, CO"	-104.989174	39.73715	0
2011	"Denver, CO"	-104.989174	39.73715	0
2011	"Denver, CO"	-104.989174	39.73715	0
2011	"Denver, CO"	-104.989174	39.73715	0
2011	"Denver, CO"	-104.989174	39.73715	0
2011	"Denver, CO"	-104.989174	39.73715	2
2011	"Denver, CO"	-104.989174	39.73715	0
2011	"Denver, CO"	-104.989174	39.73715	0
2011	"Denver, CO"	-104.989174	39.73715	0
2011	"Denver, CO"	-104.989174	39.73715	1
2011	"Denver, CO"	-104.989174	39.73715	0
2011	"Denver, CO"	-104.989174	39.73715	0
2011	"Denver, CO"	-104.989174	39.73715	2
2011	"Denver, CO"	-104.989174	39.73715	1
2011	"Denver, CO"	-104.989174	39.73715	0
2011	"Denver, CO"	-104.989174	39.73715	0
2011	"Denver, CO"	-104.989174	39.73715	1
2011	"Denver, CO"	-104.989174	39.73715	0
2011	"Denver, CO"	-104.989174	39.73715	0
2011	"Denver, CO"	-104.989174	39.73715	0
2011	"Denver, CO"	-104.989174	39.73715	0
2011	"Denver, CO"	-104.989174	39.73715	0
2011	"Denver, CO"	-104.989174	39.73715	0
2011	"Denver, CO"	-104.989174	39.73715	2
2011	"Denver, CO"	-104.989174	39.73715	0
2011	"Denver, CO"	-104.989174	39.73715	0
2011	"Denver, CO"	-104.989174	39.73715	0
2011	"Denver, CO"	-104.989174	39.73715	0
2011	"Denver, CO"	-104.989174	39.73715	0
2011	"Denver, CO"	-104.989174	39.73715	0
2011	"Denver, CO"	-104.989174	39.73715	0
2011	"Denver, CO"	-104.989174	39.73715	0
2011	"Denver, CO"	-104.989174	39.73715	0
2011	"Denver, CO"	-104.989174	39.73715	0
2011	"Denver, CO"	-104.989174	39.73715	2
2011	"Denver, CO"	-104.989174	39.73715	0
2011	"Denver, CO"	-104.989174	39.73715	0
2011	"Denver, CO"	-104.989174	39.73715	0
2011	"Denver, CO"	-104.989174	39.73715	0
2011	"Denver, CO"	-104.989174	39.73715	0
2011	"Denver, CO"	-104.989174	39.73715	0
2011	"Denver, CO"	-104.989174	39.73715	0
2011	"Denver, CO"	-104.989174	39.73715	0
2011	"Denver, CO"	-104.989174	39.73715	0
2011	"Denver, CO"	-104.989174	39.73715	0
2011	"Denver, CO"	-104.989174	39.73715	0
2011	"Denver, CO"	-104.989174	39.73715	1
2011	"Denver, CO"	-104.989174	39.73715	0
2011	"Denver, CO"	-104.989174	39.73715	0
2011	"Denver, CO"	-104.989174	39.73715	0
2011	"Denver, CO"	-104.989174	39.73715	0
2011	"Denver, CO"	-104.989174	39.73715	0
2011	"Denver, CO"	-104.989174	39.73715	0
2011	"Denver, CO"	-104.989174	39.73715	0
2011	"Denver, CO"	-104.989174	39.73715	3
2011	"Denver, CO"	-104.989174	39.73715	0
2011	"Denver, CO"	-104.989174	39.73715	1
2011	"Denver, CO"	-104.989174	39.73715	0
2011	"Denver, CO"	-104.989174	39.73715	0
2011	"Denver, CO"	-104.989174	39.73715	0
2011	"Denver, CO"	-104.989174	39.73715	0
2011	"Denver, CO"	-104.989174	39.73715	0
2011	"Denver, CO"	-104.989174	39.73715	0
2011	"Denver, CO"	-104.989174	39.73715	0
2011	"Denver, CO"	-104.989174	39.73715	0
2011	"Denver, CO"	-104.989174	39.73715	0
2011	"Denver, CO"	-104.989174	39.73715	0
2011	"Denver, CO"	-104.989174	39.73715	0
2011	"Denver, CO"	-104.989174	39.73715	0
2011	"Denver, CO"	-104.989174	39.73715	1
2011	"Denver, CO"	-104.989174	39.73715	2
2011	"Denver, CO"	-104.989174	39.73715	0
2011	"Denver, CO"	-104.989174	39.73715	0
2011	"Denver, CO"	-104.989174	39.73715	0
2011	"Denver, CO"	-104.989174	39.73715	0
2011	"Denver, CO"	-104.989174	39.73715	0
2011	"Denver, CO"	-104.989174	39.73715	3
2011	"Denver, CO"	-104.989174	39.73715	0
2011	"Denver, CO"	-104.989174	39.73715	0
2011	"Denver, CO"	-104.989174	39.73715	1
2011	"Denver, CO"	-104.989174	39.73715	2
2011	"Denver, CO"	-104.989174	39.73715	0
2011	"Denver, CO"	-104.989174	39.73715	2
2011	"Denver, CO"	-104.989174	39.73715	0
2011	"Denver, CO"	-104.989174	39.73715	0
2011	"Denver, CO"	-104.989174	39.73715	0
2011	"Denver, CO"	-104.989174	39.73715	0
2011	"Denver, CO"	-104.989174	39.73715	0
2011	"Denver, CO"	-104.989174	39.73715	0
2011	"Denver, CO"	-104.989174	39.73715	0
2011	"Denver, CO"	-104.989174	39.73715	0
2011	"Denver, CO"	-104.989174	39.73715	0
2011	"Denver, CO"	-104.989174	39.73715	0
2011	"Denver, CO"	-104.989174	39.73715	0
2011	"Denver, CO"	-104.989174	39.73715	1
2011	"Denver, CO"	-104.989174	39.73715	0
2011	"Denver, CO"	-104.989174	39.73715	0
2011	"Denver, CO"	-104.989174	39.73715	0
2011	"Denver, CO"	-104.989174	39.73715	0
2011	"Denver, CO"	-104.989174	39.73715	149
2011	"Denver, CO"	-104.989174	39.73715	1
2011	"Denver, CO"	-104.989174	39.73715	0
2011	"Denver, CO"	-104.989174	39.73715	0
2011	"Denver, CO"	-104.989174	39.73715	0
2011	"Denver, CO"	-104.989174	39.73715	0
2011	"Denver, CO"	-104.989174	39.73715	1
2011	"Denver, CO"	-104.989174	39.73715	0
2011	"Denver, CO"	-104.989174	39.73715	0
2011	"Denver, CO"	-104.989174	39.73715	3
2011	"Denver, CO"	-104.989174	39.73715	0
2011	"Denver, CO"	-104.989174	39.73715	0
2011	"Denver, CO"	-104.989174	39.73715	0
2011	"Denver, CO"	-104.989174	39.73715	0
2011	"Denver, CO"	-104.989174	39.73715	0
2011	"Denver, CO"	-104.989174	39.73715	1
2011	"Denver, CO"	-104.989174	39.73715	2
2011	"Denver, CO"	-104.989174	39.73715	0
2011	"Denver, CO"	-104.989174	39.73715	0
2011	"Denver, CO"	-104.989174	39.73715	1
2011	"Denver, CO"	-104.989174	39.73715	1
2011	"Denver, CO"	-104.989174	39.73715	0
2011	"Denver, CO"	-104.989174	39.73715	0
2011	"Denver, CO"	-104.989174	39.73715	0
2011	"Denver, CO"	-104.989174	39.73715	1
2011	"Denver, CO"	-104.989174	39.73715	0
2011	"Denver, CO"	-104.989174	39.73715	2
2011	"Denver, CO"	-104.989174	39.73715	0
2011	"Denver, CO"	-104.989174	39.73715	0
2011	"Denver, CO"	-104.989174	39.73715	0
2011	"Denver, CO"	-104.989174	39.73715	0
2011	"Denver, CO"	-104.989174	39.73715	0
2011	"Denver, CO"	-104.989174	39.73715	0
2011	"Denver, CO"	-104.989174	39.73715	1
2011	"Denver, CO"	-104.989174	39.73715	0
2011	"Denver, CO"	-104.989174	39.73715	29
2011	"Denver, CO"	-104.989174	39.73715	0
2011	"Denver, CO"	-104.989174	39.73715	1
2011	"Denver, CO"	-104.989174	39.73715	1
2011	"Denver, CO"	-104.989174	39.73715	0
2011	"Denver, CO"	-104.989174	39.73715	0
2011	"Denver, CO"	-104.989174	39.73715	0
2011	"Denver, CO"	-104.989174	39.73715	0
2011	"Denver, CO"	-104.989174	39.73715	0
2011	"Denver, CO"	-104.989174	39.73715	0
2011	"Denver, CO"	-104.989174	39.73715	0
2011	"Denver, CO"	-104.989174	39.73715	0
2011	"Denver, CO"	-104.989174	39.73715	0
2011	"Denver, CO"	-104.989174	39.73715	0
2011	"Denver, CO"	-104.989174	39.73715	0
2011	"Denver, CO"	-104.989174	39.73715	0
2011	"Denver, CO"	-104.989174	39.73715	0
2011	"Denver, CO"	-104.989174	39.73715	0
2011	"Denver, CO"	-104.989174	39.73715	0
2011	"Denver, CO"	-104.989174	39.73715	0
2011	"Denver, CO"	-104.989174	39.73715	0
2011	"Denver, CO"	-104.989174	39.73715	1
2011	"Denver, CO"	-104.989174	39.73715	0
2011	"Denver, CO"	-104.989174	39.73715	0
2011	"Denver, CO"	-104.989174	39.73715	0
2011	"Denver, CO"	-104.989174	39.73715	0
2011	"Denver, CO"	-104.989174	39.73715	0
2011	"Denver, CO"	-104.989174	39.73715	0
2011	"Denver, CO"	-104.989174	39.73715	59
2011	"Denver, CO"	-104.989174	39.73715	0
2011	"Denver, CO"	-104.989174	39.73715	0
2011	"Denver, CO"	-104.989174	39.73715	0
2011	"Denver, CO"	-104.989174	39.73715	0
2011	"Denver, CO"	-104.989174	39.73715	0
2011	"Denver, CO"	-104.989174	39.73715	0
2011	"Denver, CO"	-104.989174	39.73715	0
2011	"Denver, CO"	-104.989174	39.73715	0
2011	"Denver, CO"	-104.989174	39.73715	0
2011	"Denver, CO"	-104.989174	39.73715	0
2011	"Denver, CO"	-104.989174	39.73715	0
2011	"Denver, CO"	-104.989174	39.73715	0
2011	"Denver, CO"	-104.989174	39.73715	0
2011	"Denver, CO"	-104.989174	39.73715	0
2011	"Denver, CO"	-104.989174	39.73715	2
2011	"Denver, CO"	-104.989174	39.73715	0
2011	"Denver, CO"	-104.989174	39.73715	0
2011	"Denver, CO"	-104.989174	39.73715	0
2011	"Denver, CO"	-104.989174	39.73715	0
2011	"Denver, CO"	-104.989174	39.73715	0
2011	"Denver, CO"	-104.989174	39.73715	1
2011	"Denver, CO"	-104.989174	39.73715	1
2011	"Denver, CO"	-104.989174	39.73715	0
2011	"Denver, CO"	-104.989174	39.73715	0
2011	"Denver, CO"	-104.989174	39.73715	0
2011	"Denver, CO"	-104.989174	39.73715	1
2011	"Denver, CO"	-104.989174	39.73715	1
2011	"Denver, CO"	-104.989174	39.73715	0
2011	"Denver, CO"	-104.989174	39.73715	0
2011	"Denver, CO"	-104.989174	39.73715	0
2011	"Denver, CO"	-104.989174	39.73715	0
2011	"Denver, CO"	-104.989174	39.73715	0
2011	"Denver, CO"	-104.989174	39.73715	0
2011	"Denver, CO"	-104.989174	39.73715	0
2011	"Denver, CO"	-104.989174	39.73715	1
2009	"Minneapolis, MN"	-93.26494	44.97902	19
2009	"Minneapolis, MN"	-93.26494	44.97902	15
2009	"Minneapolis, MN"	-93.26494	44.97902	4
2009	"Minneapolis, MN"	-93.26494	44.97902	19
2009	"Minneapolis, MN"	-93.26494	44.97902	17
2009	"Minneapolis, MN"	-93.26494	44.97902	30
2009	"Minneapolis, MN"	-93.26494	44.97902	3
2009	"Minneapolis, MN"	-93.26494	44.97902	6
2009	"Minneapolis, MN"	-93.26494	44.97902	12
2009	"Minneapolis, MN"	-93.26494	44.97902	3
2009	"Minneapolis, MN"	-93.26494	44.97902	9
2009	"Minneapolis, MN"	-93.26494	44.97902	49
2009	"Minneapolis, MN"	-93.26494	44.97902	4
2009	"Minneapolis, MN"	-93.26494	44.97902	6
2009	"Minneapolis, MN"	-93.26494	44.97902	9
2009	"Minneapolis, MN"	-93.26494	44.97902	10
2009	"Minneapolis, MN"	-93.26494	44.97902	1
2009	"Minneapolis, MN"	-93.26494	44.97902	2
2009	"Minneapolis, MN"	-93.26494	44.97902	0
2009	"Minneapolis, MN"	-93.26494	44.97902	0
2009	"Minneapolis, MN"	-93.26494	44.97902	13
2009	"Minneapolis, MN"	-93.26494	44.97902	14
2009	"Minneapolis, MN"	-93.26494	44.97902	6
2009	"Minneapolis, MN"	-93.26494	44.97902	11
2009	"Minneapolis, MN"	-93.26494	44.97902	16
2009	"Minneapolis, MN"	-93.26494	44.97902	31
2009	"Minneapolis, MN"	-93.26494	44.97902	2
2009	"Minneapolis, MN"	-93.26494	44.97902	12
2009	"Minneapolis, MN"	-93.26494	44.97902	37
2009	"Minneapolis, MN"	-93.26494	44.97902	11
2009	"Minneapolis, MN"	-93.26494	44.97902	10
2010	"New Orleans, LA"	-90.07775	29.9537	0
2010	"New Orleans, LA"	-90.07775	29.9537	1
2010	"New Orleans, LA"	-90.07775	29.9537	0
2010	"New Orleans, LA"	-90.07775	29.9537	0
2010	"New Orleans, LA"	-90.07775	29.9537	0
2010	"New Orleans, LA"	-90.07775	29.9537	0
2010	"New Orleans, LA"	-90.07775	29.9537	0
2010	"New Orleans, LA"	-90.07775	29.9537	0
2010	"New Orleans, LA"	-90.07775	29.9537	0
2010	"New Orleans, LA"	-90.07775	29.9537	0
2010	"New Orleans, LA"	-90.07775	29.9537	0
2010	"New Orleans, LA"	-90.07775	29.9537	0
2010	"New Orleans, LA"	-90.07775	29.9537	0
2010	"New Orleans, LA"	-90.07775	29.9537	1
2010	"New Orleans, LA"	-90.07775	29.9537	0
2010	"New Orleans, LA"	-90.07775	29.9537	0
2010	"New Orleans, LA"	-90.07775	29.9537	0
2010	"New Orleans, LA"	-90.07775	29.9537	0
2010	"New Orleans, LA"	-90.07775	29.9537	0
2010	"New Orleans, LA"	-90.07775	29.9537	0
2010	"New Orleans, LA"	-90.07775	29.9537	0
2010	"New Orleans, LA"	-90.07775	29.9537	0
2010	"New Orleans, LA"	-90.07775	29.9537	1
2010	"New Orleans, LA"	-90.07775	29.9537	3
2010	"New Orleans, LA"	-90.07775	29.9537	0
2010	"New Orleans, LA"	-90.07775	29.9537	0
2010	"New Orleans, LA"	-90.07775	29.9537	0
2010	"New Orleans, LA"	-90.07775	29.9537	0
2010	"New Orleans, LA"	-90.07775	29.9537	0
2010	"New Orleans, LA"	-90.07775	29.9537	0
2010	"New Orleans, LA"	-90.07775	29.9537	0
2010	"New Orleans, LA"	-90.07775	29.9537	1
2010	"New Orleans, LA"	-90.07775	29.9537	0
2010	"New Orleans, LA"	-90.07775	29.9537	0
2010	"New Orleans, LA"	-90.07775	29.9537	0
2010	"New Orleans, LA"	-90.07775	29.9537	0
2010	"New Orleans, LA"	-90.07775	29.9537	1
2010	"New Orleans, LA"	-90.07775	29.9537	0
2010	"New Orleans, LA"	-90.07775	29.9537	0
2010	"New Orleans, LA"	-90.07775	29.9537	4
2010	"New Orleans, LA"	-90.07775	29.9537	0
2010	"New Orleans, LA"	-90.07775	29.9537	0
2010	"New Orleans, LA"	-90.07775	29.9537	1
2010	"New Orleans, LA"	-90.07775	29.9537	2
2010	"New Orleans, LA"	-90.07775	29.9537	0
2010	"New Orleans, LA"	-90.07775	29.9537	0
2010	"New Orleans, LA"	-90.07775	29.9537	0
2010	"New Orleans, LA"	-90.07775	29.9537	0
2010	"New Orleans, LA"	-90.07775	29.9537	0
2010	"New Orleans, LA"	-90.07775	29.9537	0
2010	"New Orleans, LA"	-90.07775	29.9537	0
2010	"New Orleans, LA"	-90.07775	29.9537	0
2010	"New Orleans, LA"	-90.07775	29.9537	0
2010	"New Orleans, LA"	-90.07775	29.9537	0
2010	"New Orleans, LA"	-90.07775	29.9537	0
2010	"New Orleans, LA"	-90.07775	29.9537	0
2010	"New Orleans, LA"	-90.07775	29.9537	0
2010	"New Orleans, LA"	-90.07775	29.9537	0
2010	"New Orleans, LA"	-90.07775	29.9537	0
2010	"New Orleans, LA"	-90.07775	29.9537	0
2010	"New Orleans, LA"	-90.07775	29.9537	0
2010	"New Orleans, LA"	-90.07775	29.9537	0
2010	"New Orleans, LA"	-90.07775	29.9537	0
2010	"New Orleans, LA"	-90.07775	29.9537	0
2010	"New Orleans, LA"	-90.07775	29.9537	0
2010	"New Orleans, LA"	-90.07775	29.9537	0
2010	"New Orleans, LA"	-90.07775	29.9537	0
2010	"New Orleans, LA"	-90.07775	29.9537	0
2010	"New Orleans, LA"	-90.07775	29.9537	4
2010	"New Orleans, LA"	-90.07775	29.9537	0
2010	"New Orleans, LA"	-90.07775	29.9537	3
2010	"New Orleans, LA"	-90.07775	29.9537	0
2010	"New Orleans, LA"	-90.07775	29.9537	1
2010	"New Orleans, LA"	-90.07775	29.9537	0
2010	"New Orleans, LA"	-90.07775	29.9537	0
2010	"New Orleans, LA"	-90.07775	29.9537	0
2010	"New Orleans, LA"	-90.07775	29.9537	1
2010	"New Orleans, LA"	-90.07775	29.9537	1
2010	"New Orleans, LA"	-90.07775	29.9537	0
2010	"New Orleans, LA"	-90.07775	29.9537	0
2010	"New Orleans, LA"	-90.07775	29.9537	0
2010	"New Orleans, LA"	-90.07775	29.9537	1
2010	"New Orleans, LA"	-90.07775	29.9537	0
2010	"New Orleans, LA"	-90.07775	29.9537	0
2010	"New Orleans, LA"	-90.07775	29.9537	2
2010	"New Orleans, LA"	-90.07775	29.9537	0
2010	"New Orleans, LA"	-90.07775	29.9537	0
2010	"New Orleans, LA"	-90.07775	29.9537	0
2010	"New Orleans, LA"	-90.07775	29.9537	1
2010	"New Orleans, LA"	-90.07775	29.9537	0
2010	"New Orleans, LA"	-90.07775	29.9537	0
2010	"New Orleans, LA"	-90.07775	29.9537	1
2010	"New Orleans, LA"	-90.07775	29.9537	0
2010	"New Orleans, LA"	-90.07775	29.9537	0
2010	"New Orleans, LA"	-90.07775	29.9537	0
2010	"New Orleans, LA"	-90.07775	29.9537	0
2010	"New Orleans, LA"	-90.07775	29.9537	0
2010	"New Orleans, LA"	-90.07775	29.9537	0
2010	"New Orleans, LA"	-90.07775	29.9537	2
2010	"New Orleans, LA"	-90.07775	29.9537	0
2010	"New Orleans, LA"	-90.07775	29.9537	0
2010	"New Orleans, LA"	-90.07775	29.9537	0
2010	"New Orleans, LA"	-90.07775	29.9537	0
2010	"New Orleans, LA"	-90.07775	29.9537	0
2010	"New Orleans, LA"	-90.07775	29.9537	4
2010	"New Orleans, LA"	-90.07775	29.9537	0
2010	"New Orleans, LA"	-90.07775	29.9537	0
2010	"New Orleans, LA"	-90.07775	29.9537	0
2010	"New Orleans, LA"	-90.07775	29.9537	0
2010	"New Orleans, LA"	-90.07775	29.9537	0
2010	"New Orleans, LA"	-90.07775	29.9537	0
2010	"New Orleans, LA"	-90.07775	29.9537	0
2010	"New Orleans, LA"	-90.07775	29.9537	0
2010	"New Orleans, LA"	-90.07775	29.9537	0
2010	"New Orleans, LA"	-90.07775	29.9537	0
2010	"New Orleans, LA"	-90.07775	29.9537	0
2010	"New Orleans, LA"	-90.07775	29.9537	0
2010	"New Orleans, LA"	-90.07775	29.9537	0
2010	"New Orleans, LA"	-90.07775	29.9537	0
2010	"New Orleans, LA"	-90.07775	29.9537	1
2010	"New Orleans, LA"	-90.07775	29.9537	0
2010	"New Orleans, LA"	-90.07775	29.9537	0
2010	"New Orleans, LA"	-90.07775	29.9537	0
2010	"New Orleans, LA"	-90.07775	29.9537	0
2010	"New Orleans, LA"	-90.07775	29.9537	0
2010	"New Orleans, LA"	-90.07775	29.9537	0
2010	"New Orleans, LA"	-90.07775	29.9537	0
2010	"New Orleans, LA"	-90.07775	29.9537	0
2010	"New Orleans, LA"	-90.07775	29.9537	2
2010	"New Orleans, LA"	-90.07775	29.9537	0
2010	"New Orleans, LA"	-90.07775	29.9537	0
2010	"New Orleans, LA"	-90.07775	29.9537	3
2010	"New Orleans, LA"	-90.07775	29.9537	0
2010	"New Orleans, LA"	-90.07775	29.9537	0
2010	"New Orleans, LA"	-90.07775	29.9537	0
2010	"New Orleans, LA"	-90.07775	29.9537	0
2010	"New Orleans, LA"	-90.07775	29.9537	0
2010	"New Orleans, LA"	-90.07775	29.9537	0
2010	"New Orleans, LA"	-90.07775	29.9537	0
2010	"New Orleans, LA"	-90.07775	29.9537	0
2010	"New Orleans, LA"	-90.07775	29.9537	0
2010	"New Orleans, LA"	-90.07775	29.9537	2
2010	"New Orleans, LA"	-90.07775	29.9537	0
2010	"New Orleans, LA"	-90.07775	29.9537	0
2010	"New Orleans, LA"	-90.07775	29.9537	1
2010	"New Orleans, LA"	-90.07775	29.9537	0
2010	"New Orleans, LA"	-90.07775	29.9537	0
2010	"New Orleans, LA"	-90.07775	29.9537	0
2010	"New Orleans, LA"	-90.07775	29.9537	0
2010	"New Orleans, LA"	-90.07775	29.9537	0
2010	"New Orleans, LA"	-90.07775	29.9537	0
2010	"New Orleans, LA"	-90.07775	29.9537	0
2010	"New Orleans, LA"	-90.07775	29.9537	0
2010	"New Orleans, LA"	-90.07775	29.9537	0
2010	"New Orleans, LA"	-90.07775	29.9537	0
2010	"New Orleans, LA"	-90.07775	29.9537	0
2010	"New Orleans, LA"	-90.07775	29.9537	0
2010	"New Orleans, LA"	-90.07775	29.9537	0
2010	"New Orleans, LA"	-90.07775	29.9537	0
2010	"New Orleans, LA"	-90.07775	29.9537	0
2010	"New Orleans, LA"	-90.07775	29.9537	1
2010	"New Orleans, LA"	-90.07775	29.9537	0
2010	"New Orleans, LA"	-90.07775	29.9537	0
2010	"New Orleans, LA"	-90.07775	29.9537	1
2010	"New Orleans, LA"	-90.07775	29.9537	0
2010	"New Orleans, LA"	-90.07775	29.9537	0
2010	"New Orleans, LA"	-90.07775	29.9537	0
2010	"New Orleans, LA"	-90.07775	29.9537	0
2010	"New Orleans, LA"	-90.07775	29.9537	0
2010	"New Orleans, LA"	-90.07775	29.9537	0
2010	"New Orleans, LA"	-90.07775	29.9537	0
2010	"New Orleans, LA"	-90.07775	29.9537	0
2010	"New Orleans, LA"	-90.07775	29.9537	0
2010	"New Orleans, LA"	-90.07775	29.9537	0
2010	"New Orleans, LA"	-90.07775	29.9537	0
2010	"New Orleans, LA"	-90.07775	29.9537	0
2010	"New Orleans, LA"	-90.07775	29.9537	1
2010	"New Orleans, LA"	-90.07775	29.9537	0
2010	"New Orleans, LA"	-90.07775	29.9537	0
2010	"New Orleans, LA"	-90.07775	29.9537	0
2010	"New Orleans, LA"	-90.07775	29.9537	0
2010	"New Orleans, LA"	-90.07775	29.9537	0
2010	"New Orleans, LA"	-90.07775	29.9537	1
2010	"New Orleans, LA"	-90.07775	29.9537	0
2010	"New Orleans, LA"	-90.07775	29.9537	0
2010	"New Orleans, LA"	-90.07775	29.9537	0
2010	"New Orleans, LA"	-90.07775	29.9537	0
2010	"New Orleans, LA"	-90.07775	29.9537	0
2010	"New Orleans, LA"	-90.07775	29.9537	0
2010	"New Orleans, LA"	-90.07775	29.9537	0
2010	"New Orleans, LA"	-90.07775	29.9537	2
2010	"New Orleans, LA"	-90.07775	29.9537	0
2010	"New Orleans, LA"	-90.07775	29.9537	0
2010	"New Orleans, LA"	-90.07775	29.9537	0
2010	"New Orleans, LA"	-90.07775	29.9537	1
2010	"New Orleans, LA"	-90.07775	29.9537	0
2010	"New Orleans, LA"	-90.07775	29.9537	3
2010	"New Orleans, LA"	-90.07775	29.9537	0
2010	"New Orleans, LA"	-90.07775	29.9537	1
2010	"New Orleans, LA"	-90.07775	29.9537	0
2010	"New Orleans, LA"	-90.07775	29.9537	0
2010	"New Orleans, LA"	-90.07775	29.9537	1
2010	"New Orleans, LA"	-90.07775	29.9537	0
2010	"New Orleans, LA"	-90.07775	29.9537	0
2010	"New Orleans, LA"	-90.07775	29.9537	0
2010	"New Orleans, LA"	-90.07775	29.9537	0
2010	"New Orleans, LA"	-90.07775	29.9537	2
2010	"New Orleans, LA"	-90.07775	29.9537	0
2010	"New Orleans, LA"	-90.07775	29.9537	0
2010	"New Orleans, LA"	-90.07775	29.9537	0
2010	"New Orleans, LA"	-90.07775	29.9537	0
2010	"New Orleans, LA"	-90.07775	29.9537	0
2010	"New Orleans, LA"	-90.07775	29.9537	0
2010	"New Orleans, LA"	-90.07775	29.9537	0
2010	"New Orleans, LA"	-90.07775	29.9537	0
2010	"New Orleans, LA"	-90.07775	29.9537	0
2010	"New Orleans, LA"	-90.07775	29.9537	0
2010	"New Orleans, LA"	-90.07775	29.9537	3
2010	"New Orleans, LA"	-90.07775	29.9537	0
2010	"New Orleans, LA"	-90.07775	29.9537	0
2010	"New Orleans, LA"	-90.07775	29.9537	0
2010	"New Orleans, LA"	-90.07775	29.9537	1
2010	"New Orleans, LA"	-90.07775	29.9537	2
2010	"New Orleans, LA"	-90.07775	29.9537	1
2010	"New Orleans, LA"	-90.07775	29.9537	0
2010	"New Orleans, LA"	-90.07775	29.9537	0
2010	"New Orleans, LA"	-90.07775	29.9537	0
2010	"New Orleans, LA"	-90.07775	29.9537	0
2010	"New Orleans, LA"	-90.07775	29.9537	0
2010	"New Orleans, LA"	-90.07775	29.9537	3
2010	"New Orleans, LA"	-90.07775	29.9537	1
2010	"New Orleans, LA"	-90.07775	29.9537	0
2010	"New Orleans, LA"	-90.07775	29.9537	0
2010	"New Orleans, LA"	-90.07775	29.9537	0
2010	"New Orleans, LA"	-90.07775	29.9537	0
2010	"New Orleans, LA"	-90.07775	29.9537	3
2010	"New Orleans, LA"	-90.07775	29.9537	1
2010	"New Orleans, LA"	-90.07775	29.9537	0
2010	"New Orleans, LA"	-90.07775	29.9537	1
2010	"New Orleans, LA"	-90.07775	29.9537	0
2010	"New Orleans, LA"	-90.07775	29.9537	1
2010	"New Orleans, LA"	-90.07775	29.9537	0
2010	"New Orleans, LA"	-90.07775	29.9537	0
2010	"New Orleans, LA"	-90.07775	29.9537	0
2010	"New Orleans, LA"	-90.07775	29.9537	0
2010	"New Orleans, LA"	-90.07775	29.9537	0
2010	"New Orleans, LA"	-90.07775	29.9537	0
2010	"New Orleans, LA"	-90.07775	29.9537	0
2010	"New Orleans, LA"	-90.07775	29.9537	0
2010	"New Orleans, LA"	-90.07775	29.9537	0
2010	"New Orleans, LA"	-90.07775	29.9537	0
2010	"New Orleans, LA"	-90.07775	29.9537	0
2010	"New Orleans, LA"	-90.07775	29.9537	0
2010	"New Orleans, LA"	-90.07775	29.9537	0
2010	"New Orleans, LA"	-90.07775	29.9537	0
2010	"New Orleans, LA"	-90.07775	29.9537	0
2010	"New Orleans, LA"	-90.07775	29.9537	0
2010	"New Orleans, LA"	-90.07775	29.9537	0
2010	"New Orleans, LA"	-90.07775	29.9537	0
2010	"New Orleans, LA"	-90.07775	29.9537	0
2010	"New Orleans, LA"	-90.07775	29.9537	0
2010	"New Orleans, LA"	-90.07775	29.9537	0
2010	"New Orleans, LA"	-90.07775	29.9537	0
2010	"New Orleans, LA"	-90.07775	29.9537	0
2010	"New Orleans, LA"	-90.07775	29.9537	0
2010	"New Orleans, LA"	-90.07775	29.9537	0
2010	"New Orleans, LA"	-90.07775	29.9537	0
2010	"New Orleans, LA"	-90.07775	29.9537	0
2010	"New Orleans, LA"	-90.07775	29.9537	0
2010	"New Orleans, LA"	-90.07775	29.9537	0
2010	"New Orleans, LA"	-90.07775	29.9537	0
2010	"New Orleans, LA"	-90.07775	29.9537	0
2010	"New Orleans, LA"	-90.07775	29.9537	0
2010	"New Orleans, LA"	-90.07775	29.9537	0
2010	"New Orleans, LA"	-90.07775	29.9537	0
2010	"New Orleans, LA"	-90.07775	29.9537	0
2010	"New Orleans, LA"	-90.07775	29.9537	0
2010	"New Orleans, LA"	-90.07775	29.9537	0
2010	"New Orleans, LA"	-90.07775	29.9537	0
2010	"New Orleans, LA"	-90.07775	29.9537	0
2010	"New Orleans, LA"	-90.07775	29.9537	0
2010	"New Orleans, LA"	-90.07775	29.9537	0
2010	"New Orleans, LA"	-90.07775	29.9537	0
2010	"New Orleans, LA"	-90.07775	29.9537	0
2010	"New Orleans, LA"	-90.07775	29.9537	0
2010	"New Orleans, LA"	-90.07775	29.9537	2
2010	"New Orleans, LA"	-90.07775	29.9537	0
2010	"New Orleans, LA"	-90.07775	29.9537	1
2010	"New Orleans, LA"	-90.07775	29.9537	0
2010	"New Orleans, LA"	-90.07775	29.9537	0
2010	"New Orleans, LA"	-90.07775	29.9537	0
2010	"New Orleans, LA"	-90.07775	29.9537	0
2010	"New Orleans, LA"	-90.07775	29.9537	0
2010	"New Orleans, LA"	-90.07775	29.9537	0
2010	"New Orleans, LA"	-90.07775	29.9537	0
2010	"New Orleans, LA"	-90.07775	29.9537	0
2010	"New Orleans, LA"	-90.07775	29.9537	0
2010	"New Orleans, LA"	-90.07775	29.9537	0
2010	"New Orleans, LA"	-90.07775	29.9537	0
2010	"New Orleans, LA"	-90.07775	29.9537	1
2010	"New Orleans, LA"	-90.07775	29.9537	0
2010	"New Orleans, LA"	-90.07775	29.9537	0
2010	"New Orleans, LA"	-90.07775	29.9537	0
2010	"New Orleans, LA"	-90.07775	29.9537	0
2010	"New Orleans, LA"	-90.07775	29.9537	0
2010	"New Orleans, LA"	-90.07775	29.9537	0
2010	"New Orleans, LA"	-90.07775	29.9537	0
2010	"New Orleans, LA"	-90.07775	29.9537	0
2010	"New Orleans, LA"	-90.07775	29.9537	0
2010	"New Orleans, LA"	-90.07775	29.9537	5
2010	"New Orleans, LA"	-90.07775	29.9537	0
2010	"New Orleans, LA"	-90.07775	29.9537	1
2010	"New Orleans, LA"	-90.07775	29.9537	0
1996	"New Orleans, LA"	-90.07775	29.9537	0
2010	"New Orleans, LA"	-90.07775	29.9537	1
2010	"New Orleans, LA"	-90.07775	29.9537	0
2010	"New Orleans, LA"	-90.07775	29.9537	0
2010	"New Orleans, LA"	-90.07775	29.9537	0
2010	"New Orleans, LA"	-90.07775	29.9537	0
2010	"New Orleans, LA"	-90.07775	29.9537	0
2010	"New Orleans, LA"	-90.07775	29.9537	0
2010	"New Orleans, LA"	-90.07775	29.9537	0
2010	"New Orleans, LA"	-90.07775	29.9537	0
2010	"New Orleans, LA"	-90.07775	29.9537	0
2010	"New Orleans, LA"	-90.07775	29.9537	1
2010	"New Orleans, LA"	-90.07775	29.9537	0
2010	"New Orleans, LA"	-90.07775	29.9537	2
2010	"New Orleans, LA"	-90.07775	29.9537	0
2010	"New Orleans, LA"	-90.07775	29.9537	0
2010	"New Orleans, LA"	-90.07775	29.9537	0
2010	"New Orleans, LA"	-90.07775	29.9537	0
2010	"New Orleans, LA"	-90.07775	29.9537	0
2010	"New Orleans, LA"	-90.07775	29.9537	0
2010	"New Orleans, LA"	-90.07775	29.9537	0
2010	"New Orleans, LA"	-90.07775	29.9537	0
2010	"New Orleans, LA"	-90.07775	29.9537	0
2010	"New Orleans, LA"	-90.07775	29.9537	0
2010	"New Orleans, LA"	-90.07775	29.9537	0
2010	"New Orleans, LA"	-90.07775	29.9537	0
2010	"New Orleans, LA"	-90.07775	29.9537	0
2010	"New Orleans, LA"	-90.07775	29.9537	0
2010	"New Orleans, LA"	-90.07775	29.9537	0
2010	"New Orleans, LA"	-90.07775	29.9537	0
2010	"New Orleans, LA"	-90.07775	29.9537	1
2010	"New Orleans, LA"	-90.07775	29.9537	0
2010	"New Orleans, LA"	-90.07775	29.9537	0
2010	"New Orleans, LA"	-90.07775	29.9537	0
2010	"New Orleans, LA"	-90.07775	29.9537	0
2010	"New Orleans, LA"	-90.07775	29.9537	0
2010	"New Orleans, LA"	-90.07775	29.9537	0
2010	"New Orleans, LA"	-90.07775	29.9537	0
2010	"New Orleans, LA"	-90.07775	29.9537	0
2010	"New Orleans, LA"	-90.07775	29.9537	0
2010	"New Orleans, LA"	-90.07775	29.9537	0
2010	"New Orleans, LA"	-90.07775	29.9537	0
2010	"New Orleans, LA"	-90.07775	29.9537	0
2010	"New Orleans, LA"	-90.07775	29.9537	0
2010	"New Orleans, LA"	-90.07775	29.9537	19
2010	"New Orleans, LA"	-90.07775	29.9537	0
2010	"New Orleans, LA"	-90.07775	29.9537	0
2010	"New Orleans, LA"	-90.07775	29.9537	1
2010	"New Orleans, LA"	-90.07775	29.9537	0
2010	"New Orleans, LA"	-90.07775	29.9537	0
2010	"New Orleans, LA"	-90.07775	29.9537	1
2010	"New Orleans, LA"	-90.07775	29.9537	0
2010	"New Orleans, LA"	-90.07775	29.9537	0
2010	"New Orleans, LA"	-90.07775	29.9537	1
2010	"New Orleans, LA"	-90.07775	29.9537	0
2010	"New Orleans, LA"	-90.07775	29.9537	0
2010	"New Orleans, LA"	-90.07775	29.9537	0
2010	"New Orleans, LA"	-90.07775	29.9537	0
2010	"New Orleans, LA"	-90.07775	29.9537	1
2010	"New Orleans, LA"	-90.07775	29.9537	1
2010	"New Orleans, LA"	-90.07775	29.9537	0
2010	"New Orleans, LA"	-90.07775	29.9537	0
2010	"New Orleans, LA"	-90.07775	29.9537	1
2010	"New Orleans, LA"	-90.07775	29.9537	0
2010	"New Orleans, LA"	-90.07775	29.9537	0
2010	"New Orleans, LA"	-90.07775	29.9537	1
2010	"New Orleans, LA"	-90.07775	29.9537	0
2010	"New Orleans, LA"	-90.07775	29.9537	0
2010	"New Orleans, LA"	-90.07775	29.9537	0
2010	"New Orleans, LA"	-90.07775	29.9537	0
2010	"New Orleans, LA"	-90.07775	29.9537	0
2010	"New Orleans, LA"	-90.07775	29.9537	0
2010	"New Orleans, LA"	-90.07775	29.9537	0
2010	"New Orleans, LA"	-90.07775	29.9537	0
2010	"New Orleans, LA"	-90.07775	29.9537	0
2010	"New Orleans, LA"	-90.07775	29.9537	0
2010	"New Orleans, LA"	-90.07775	29.9537	1
2010	"New Orleans, LA"	-90.07775	29.9537	0
2010	"New Orleans, LA"	-90.07775	29.9537	0
2010	"New Orleans, LA"	-90.07775	29.9537	0
2010	"New Orleans, LA"	-90.07775	29.9537	0
2010	"New Orleans, LA"	-90.07775	29.9537	0
2010	"New Orleans, LA"	-90.07775	29.9537	0
2010	"New Orleans, LA"	-90.07775	29.9537	0
2010	"New Orleans, LA"	-90.07775	29.9537	0
2010	"New Orleans, LA"	-90.07775	29.9537	0
2010	"New Orleans, LA"	-90.07775	29.9537	0
2010	"New Orleans, LA"	-90.07775	29.9537	0
2010	"New Orleans, LA"	-90.07775	29.9537	0
2010	"New Orleans, LA"	-90.07775	29.9537	0
2010	"New Orleans, LA"	-90.07775	29.9537	0
2010	"New Orleans, LA"	-90.07775	29.9537	0
2010	"New Orleans, LA"	-90.07775	29.9537	0
2010	"New Orleans, LA"	-90.07775	29.9537	0
2010	"New Orleans, LA"	-90.07775	29.9537	0
2010	"New Orleans, LA"	-90.07775	29.9537	0
2010	"New Orleans, LA"	-90.07775	29.9537	0
2010	"New Orleans, LA"	-90.07775	29.9537	0
2010	"New Orleans, LA"	-90.07775	29.9537	0
2010	"New Orleans, LA"	-90.07775	29.9537	2
2010	"New Orleans, LA"	-90.07775	29.9537	0
2010	"New Orleans, LA"	-90.07775	29.9537	0
2010	"New Orleans, LA"	-90.07775	29.9537	2
2010	"New Orleans, LA"	-90.07775	29.9537	0
2010	"New Orleans, LA"	-90.07775	29.9537	0
2010	"New Orleans, LA"	-90.07775	29.9537	0
2010	"New Orleans, LA"	-90.07775	29.9537	0
2010	"New Orleans, LA"	-90.07775	29.9537	0
2010	"New Orleans, LA"	-90.07775	29.9537	0
2010	"New Orleans, LA"	-90.07775	29.9537	3
2010	"New Orleans, LA"	-90.07775	29.9537	0
2010	"New Orleans, LA"	-90.07775	29.9537	0
2010	"New Orleans, LA"	-90.07775	29.9537	0
2010	"New Orleans, LA"	-90.07775	29.9537	0
2010	"New Orleans, LA"	-90.07775	29.9537	0
2010	"New Orleans, LA"	-90.07775	29.9537	0
2010	"New Orleans, LA"	-90.07775	29.9537	0
2010	"New Orleans, LA"	-90.07775	29.9537	0
2010	"New Orleans, LA"	-90.07775	29.9537	0
2010	"New Orleans, LA"	-90.07775	29.9537	0
2010	"New Orleans, LA"	-90.07775	29.9537	2
2010	"New Orleans, LA"	-90.07775	29.9537	0
2010	"New Orleans, LA"	-90.07775	29.9537	0
2010	"New Orleans, LA"	-90.07775	29.9537	0
2010	"New Orleans, LA"	-90.07775	29.9537	0
2010	"New Orleans, LA"	-90.07775	29.9537	0
2010	"New Orleans, LA"	-90.07775	29.9537	0
2010	"New Orleans, LA"	-90.07775	29.9537	0
2010	"New Orleans, LA"	-90.07775	29.9537	0
2010	"New Orleans, LA"	-90.07775	29.9537	0
2010	"New Orleans, LA"	-90.07775	29.9537	0
2010	"New Orleans, LA"	-90.07775	29.9537	0
2010	"New Orleans, LA"	-90.07775	29.9537	0
2010	"New Orleans, LA"	-90.07775	29.9537	0
2010	"New Orleans, LA"	-90.07775	29.9537	1
2010	"New Orleans, LA"	-90.07775	29.9537	0
2010	"New Orleans, LA"	-90.07775	29.9537	0
2010	"New Orleans, LA"	-90.07775	29.9537	0
2010	"New Orleans, LA"	-90.07775	29.9537	0
2010	"New Orleans, LA"	-90.07775	29.9537	0
2010	"New Orleans, LA"	-90.07775	29.9537	0
2010	"New Orleans, LA"	-90.07775	29.9537	0
2010	"New Orleans, LA"	-90.07775	29.9537	0
2010	"New Orleans, LA"	-90.07775	29.9537	0
2010	"New Orleans, LA"	-90.07775	29.9537	0
2010	"New Orleans, LA"	-90.07775	29.9537	0
2010	"New Orleans, LA"	-90.07775	29.9537	0
2010	"New Orleans, LA"	-90.07775	29.9537	0
2010	"New Orleans, LA"	-90.07775	29.9537	0
2010	"New Orleans, LA"	-90.07775	29.9537	0
2010	"New Orleans, LA"	-90.07775	29.9537	0
2010	"New Orleans, LA"	-90.07775	29.9537	0
2010	"New Orleans, LA"	-90.07775	29.9537	0
2010	"New Orleans, LA"	-90.07775	29.9537	1
2010	"New Orleans, LA"	-90.07775	29.9537	0
2010	"New Orleans, LA"	-90.07775	29.9537	0
2010	"New Orleans, LA"	-90.07775	29.9537	0
2010	"New Orleans, LA"	-90.07775	29.9537	0
2010	"New Orleans, LA"	-90.07775	29.9537	0
2010	"New Orleans, LA"	-90.07775	29.9537	0
2010	"New Orleans, LA"	-90.07775	29.9537	0
2010	"New Orleans, LA"	-90.07775	29.9537	0
2010	"New Orleans, LA"	-90.07775	29.9537	2
2010	"New Orleans, LA"	-90.07775	29.9537	0
2010	"New Orleans, LA"	-90.07775	29.9537	0
2010	"New Orleans, LA"	-90.07775	29.9537	0
2010	"New Orleans, LA"	-90.07775	29.9537	0
2010	"New Orleans, LA"	-90.07775	29.9537	0
2010	"New Orleans, LA"	-90.07775	29.9537	0
2010	"New Orleans, LA"	-90.07775	29.9537	0
2010	"New Orleans, LA"	-90.07775	29.9537	0
2010	"New Orleans, LA"	-90.07775	29.9537	0
2010	"New Orleans, LA"	-90.07775	29.9537	0
2010	"New Orleans, LA"	-90.07775	29.9537	0
2010	"New Orleans, LA"	-90.07775	29.9537	0
2010	"New Orleans, LA"	-90.07775	29.9537	0
2010	"New Orleans, LA"	-90.07775	29.9537	0
2010	"New Orleans, LA"	-90.07775	29.9537	0
2010	"New Orleans, LA"	-90.07775	29.9537	0
2010	"New Orleans, LA"	-90.07775	29.9537	0
2010	"New Orleans, LA"	-90.07775	29.9537	0
2010	"New Orleans, LA"	-90.07775	29.9537	3
2010	"New Orleans, LA"	-90.07775	29.9537	0
2010	"New Orleans, LA"	-90.07775	29.9537	3
2010	"New Orleans, LA"	-90.07775	29.9537	4
2010	"New Orleans, LA"	-90.07775	29.9537	0
2010	"New Orleans, LA"	-90.07775	29.9537	1
2010	"New Orleans, LA"	-90.07775	29.9537	0
2010	"New Orleans, LA"	-90.07775	29.9537	0
2010	"New Orleans, LA"	-90.07775	29.9537	0
2010	"New Orleans, LA"	-90.07775	29.9537	0
2010	"New Orleans, LA"	-90.07775	29.9537	1
2010	"New Orleans, LA"	-90.07775	29.9537	0
2010	"New Orleans, LA"	-90.07775	29.9537	0
2010	"New Orleans, LA"	-90.07775	29.9537	2
2010	"New Orleans, LA"	-90.07775	29.9537	0
2010	"New Orleans, LA"	-90.07775	29.9537	0
2010	"New Orleans, LA"	-90.07775	29.9537	0
2010	"New Orleans, LA"	-90.07775	29.9537	1
2010	"New Orleans, LA"	-90.07775	29.9537	0
2010	"New Orleans, LA"	-90.07775	29.9537	0
2010	"New Orleans, LA"	-90.07775	29.9537	0
2010	"New Orleans, LA"	-90.07775	29.9537	0
2010	"New Orleans, LA"	-90.07775	29.9537	0
2010	"New Orleans, LA"	-90.07775	29.9537	0
2010	"New Orleans, LA"	-90.07775	29.9537	0
2010	"New Orleans, LA"	-90.07775	29.9537	0
2010	"New Orleans, LA"	-90.07775	29.9537	0
2010	"New Orleans, LA"	-90.07775	29.9537	0
2010	"New Orleans, LA"	-90.07775	29.9537	0
2010	"New Orleans, LA"	-90.07775	29.9537	0
2010	"New Orleans, LA"	-90.07775	29.9537	0
2010	"New Orleans, LA"	-90.07775	29.9537	0
2010	"New Orleans, LA"	-90.07775	29.9537	0
2010	"New Orleans, LA"	-90.07775	29.9537	0
2010	"New Orleans, LA"	-90.07775	29.9537	0
2010	"New Orleans, LA"	-90.07775	29.9537	0
2010	"New Orleans, LA"	-90.07775	29.9537	0
2010	"New Orleans, LA"	-90.07775	29.9537	0
2010	"New Orleans, LA"	-90.07775	29.9537	0
2010	"New Orleans, LA"	-90.07775	29.9537	6
2010	"New York, NY"	-74.00712	40.71455	3
2006	"New York, NY"	-74.00712	40.71455	3
2019	"New York, NY"	-74.00712	40.71455	0
2015	"New York, NY"	-74.00712	40.71455	0
2010	"New York, NY"	-74.00712	40.71455	0
2010	"New York, NY"	-74.00712	40.71455	0
2006	"New York, NY"	-74.00712	40.71455	6
2015	"New York, NY"	-74.00712	40.71455	1
2006	"New York, NY"	-74.00712	40.71455	7
2015	"New York, NY"	-74.00712	40.71455	246
2015	"New York, NY"	-74.00712	40.71455	5
2010	"New York, NY"	-74.00712	40.71455	0
2015	"New York, NY"	-74.00712	40.71455	24
2010	"New York, NY"	-74.00712	40.71455	0
2006	"New York, NY"	-74.00712	40.71455	10
2006	"New York, NY"	-74.00712	40.71455	4
2010	"New York, NY"	-74.00712	40.71455	0
2015	"New York, NY"	-74.00712	40.71455	0
2015	"New York, NY"	-74.00712	40.71455	1
2006	"New York, NY"	-74.00712	40.71455	5
2006	"New York, NY"	-74.00712	40.71455	12
2010	"New York, NY"	-74.00712	40.71455	0
2010	"New York, NY"	-74.00712	40.71455	3
2006	"New York, NY"	-74.00712	40.71455	11
2015	"New York, NY"	-74.00712	40.71455	0
2006	"New York, NY"	-74.00712	40.71455	3
2015	"New York, NY"	-74.00712	40.71455	10
2006	"New York, NY"	-74.00712	40.71455	0
2006	"New York, NY"	-74.00712	40.71455	12
2006	"New York, NY"	-74.00712	40.71455	56
2016	"Orlando, FL"	-81.37739	28.53823	9
2016	"Orlando, FL"	-81.37739	28.53823	4
2016	"Orlando, FL"	-81.37739	28.53823	0
2016	"Orlando, FL"	-81.37739	28.53823	2
2016	"Orlando, FL"	-81.37739	28.53823	3
2016	"Orlando, FL"	-81.37739	28.53823	3
2016	"Orlando, FL"	-81.37739	28.53823	2
2016	"Orlando, FL"	-81.37739	28.53823	1
2016	"Orlando, FL"	-81.37739	28.53823	3
2016	"Orlando, FL"	-81.37739	28.53823	2
2016	"Orlando, FL"	-81.37739	28.53823	1
2016	"Orlando, FL"	-81.37739	28.53823	0
2016	"Orlando, FL"	-81.37739	28.53823	0
2016	"Orlando, FL"	-81.37739	28.53823	0
2016	"Orlando, FL"	-81.37739	28.53823	12
2016	"Orlando, FL"	-81.37739	28.53823	20
2016	"Orlando, FL"	-81.37739	28.53823	3
2016	"Orlando, FL"	-81.37739	28.53823	20
2016	"Orlando, FL"	-81.37739	28.53823	1
2016	"Orlando, FL"	-81.37739	28.53823	5
2012	"Philadelphia, PA"	-75.16245	39.95228	0
2012	"Philadelphia, PA"	-75.16245	39.95228	0
1986	"Philadelphia, PA"	-75.16245	39.95228	10
2012	"Philadelphia, PA"	-75.16245	39.95228	0
2012	"Philadelphia, PA"	-75.16245	39.95228	0
2012	"Philadelphia, PA"	-75.16245	39.95228	1
2012	"Philadelphia, PA"	-75.16245	39.95228	0
2012	"Philadelphia, PA"	-75.16245	39.95228	0
2012	"Philadelphia, PA"	-75.16245	39.95228	0
2012	"Philadelphia, PA"	-75.16245	39.95228	1
2012	"Philadelphia, PA"	-75.16245	39.95228	1
2012	"Philadelphia, PA"	-75.16245	39.95228	0
2012	"Philadelphia, PA"	-75.16245	39.95228	0
2013	"Philadelphia, PA"	-75.16245	39.95228	2
2013	"Philadelphia, PA"	-75.16245	39.95228	0
2013	"Philadelphia, PA"	-75.16245	39.95228	0
2013	"Philadelphia, PA"	-75.16245	39.95228	0
2013	"Philadelphia, PA"	-75.16245	39.95228	19
2013	"Philadelphia, PA"	-75.16245	39.95228	0
2010	"Philadelphia, PA"	-75.16245	39.95228	10
2012	"San Diego, CA"	-117.1625	32.715	1
2009	"San Diego, CA"	-117.1625	32.715	0
2009	"San Diego, CA"	-117.1625	32.715	12
2009	"San Diego, CA"	-117.1625	32.715	0
2009	"San Diego, CA"	-117.1625	32.715	2
2009	"San Diego, CA"	-117.1625	32.715	0
2009	"San Diego, CA"	-117.1625	32.715	1
2009	"San Diego, CA"	-117.1625	32.715	0
2009	"San Diego, CA"	-117.1625	32.715	0
2009	"San Diego, CA"	-117.1625	32.715	0
2009	"San Diego, CA"	-117.1625	32.715	0
2009	"San Diego, CA"	-117.1625	32.715	0
2009	"San Diego, CA"	-117.1625	32.715	0
2009	"San Diego, CA"	-117.1625	32.715	0
2009	"San Diego, CA"	-117.1625	32.715	0
2009	"San Diego, CA"	-117.1625	32.715	0
2009	"San Diego, CA"	-117.1625	32.715	0
2009	"San Diego, CA"	-117.1625	32.715	0
2009	"San Diego, CA"	-117.1625	32.715	0
2009	"San Diego, CA"	-117.1625	32.715	0
2009	"San Diego, CA"	-117.1625	32.715	1
2009	"San Diego, CA"	-117.1625	32.715	0
2009	"San Diego, CA"	-117.1625	32.715	3
2009	"San Diego, CA"	-117.1625	32.715	0
2009	"San Diego, CA"	-117.1625	32.715	0
2009	"San Diego, CA"	-117.1625	32.715	0
2009	"San Diego, CA"	-117.1625	32.715	0
2009	"San Diego, CA"	-117.1625	32.715	0
2009	"San Diego, CA"	-117.1625	32.715	0
2009	"San Diego, CA"	-117.1625	32.715	0
2009	"San Diego, CA"	-117.1625	32.715	0
2009	"San Diego, CA"	-117.1625	32.715	0
2009	"San Diego, CA"	-117.1625	32.715	6
2009	"San Diego, CA"	-117.1625	32.715	0
2009	"San Diego, CA"	-117.1625	32.715	0
2012	"San Diego, CA"	-117.1625	32.715	2
2009	"San Diego, CA"	-117.1625	32.715	0
2012	"San Diego, CA"	-117.1625	32.715	6
2012	"San Diego, CA"	-117.1625	32.715	7
2012	"San Diego, CA"	-117.1625	32.715	2
2009	"San Diego, CA"	-117.1625	32.715	2
2009	"San Diego, CA"	-117.1625	32.715	0
2009	"San Diego, CA"	-117.1625	32.715	0
2009	"San Diego, CA"	-117.1625	32.715	0
2009	"San Diego, CA"	-117.1625	32.715	0
2009	"San Diego, CA"	-117.1625	32.715	0
2009	"San Diego, CA"	-117.1625	32.715	0
2009	"San Diego, CA"	-117.1625	32.715	0
2009	"San Diego, CA"	-117.1625	32.715	0
2009	"San Diego, CA"	-117.1625	32.715	0
2009	"San Diego, CA"	-117.1625	32.715	0
2009	"San Diego, CA"	-117.1625	32.715	0
2009	"San Diego, CA"	-117.1625	32.715	0
2009	"San Diego, CA"	-117.1625	32.715	0
2009	"San Diego, CA"	-117.1625	32.715	0
2009	"San Diego, CA"	-117.1625	32.715	0
2009	"San Diego, CA"	-117.1625	32.715	0
2009	"San Diego, CA"	-117.1625	32.715	0
2009	"San Diego, CA"	-117.1625	32.715	2
2009	"San Diego, CA"	-117.1625	32.715	0
2009	"San Diego, CA"	-117.1625	32.715	0
2009	"San Diego, CA"	-117.1625	32.715	0
2009	"San Diego, CA"	-117.1625	32.715	1
2009	"San Diego, CA"	-117.1625	32.715	0
2009	"San Diego, CA"	-117.1625	32.715	0
2009	"San Diego, CA"	-117.1625	32.715	0
2009	"San Diego, CA"	-117.1625	32.715	0
2009	"San Diego, CA"	-117.1625	32.715	0
2009	"San Diego, CA"	-117.1625	32.715	0
2009	"San Diego, CA"	-117.1625	32.715	0
2009	"San Diego, CA"	-117.1625	32.715	0
2009	"San Diego, CA"	-117.1625	32.715	0
2009	"San Diego, CA"	-117.1625	32.715	0
2009	"San Diego, CA"	-117.1625	32.715	0
2014	"San Diego, CA"	-117.1625	32.715	0
2012	"San Diego, CA"	-117.1625	32.715	13
2009	"San Diego, CA"	-117.1625	32.715	2
2009	"San Diego, CA"	-117.1625	32.715	1
2009	"San Diego, CA"	-117.1625	32.715	0
2009	"San Diego, CA"	-117.1625	32.715	0
2009	"San Diego, CA"	-117.1625	32.715	0
2009	"San Diego, CA"	-117.1625	32.715	0
2009	"San Diego, CA"	-117.1625	32.715	0
2009	"San Diego, CA"	-117.1625	32.715	0
2009	"San Diego, CA"	-117.1625	32.715	0
2009	"San Diego, CA"	-117.1625	32.715	0
2009	"San Diego, CA"	-117.1625	32.715	0
2009	"San Diego, CA"	-117.1625	32.715	0
2009	"San Diego, CA"	-117.1625	32.715	0
2009	"San Diego, CA"	-117.1625	32.715	0
2009	"San Diego, CA"	-117.1625	32.715	0
2009	"San Diego, CA"	-117.1625	32.715	0
2009	"San Diego, CA"	-117.1625	32.715	1
2009	"San Diego, CA"	-117.1625	32.715	0
2009	"San Diego, CA"	-117.1625	32.715	0
2009	"San Diego, CA"	-117.1625	32.715	0
2009	"San Diego, CA"	-117.1625	32.715	0
2009	"San Diego, CA"	-117.1625	32.715	0
2009	"San Diego, CA"	-117.1625	32.715	0
2009	"San Diego, CA"	-117.1625	32.715	0
2009	"San Diego, CA"	-117.1625	32.715	0
2009	"San Diego, CA"	-117.1625	32.715	0
2009	"San Diego, CA"	-117.1625	32.715	0
2009	"San Diego, CA"	-117.1625	32.715	0
2009	"San Diego, CA"	-117.1625	32.715	0
2009	"San Diego, CA"	-117.1625	32.715	0
2009	"San Diego, CA"	-117.1625	32.715	0
2009	"San Diego, CA"	-117.1625	32.715	0
2009	"San Diego, CA"	-117.1625	32.715	0
2009	"San Diego, CA"	-117.1625	32.715	1
2009	"San Diego, CA"	-117.1625	32.715	0
2009	"San Diego, CA"	-117.1625	32.715	0
2009	"San Diego, CA"	-117.1625	32.715	0
2009	"San Diego, CA"	-117.1625	32.715	0
2009	"San Diego, CA"	-117.1625	32.715	0
2009	"San Diego, CA"	-117.1625	32.715	0
2009	"San Diego, CA"	-117.1625	32.715	0
2009	"San Diego, CA"	-117.1625	32.715	1
2009	"San Diego, CA"	-117.1625	32.715	0
2009	"San Diego, CA"	-117.1625	32.715	0
2009	"San Diego, CA"	-117.1625	32.715	0
2009	"San Diego, CA"	-117.1625	32.715	0
2009	"San Diego, CA"	-117.1625	32.715	0
2009	"San Diego, CA"	-117.1625	32.715	0
2009	"San Diego, CA"	-117.1625	32.715	0
2009	"San Diego, CA"	-117.1625	32.715	0
2009	"San Diego, CA"	-117.1625	32.715	0
2009	"San Diego, CA"	-117.1625	32.715	0
2009	"San Diego, CA"	-117.1625	32.715	1
2009	"San Diego, CA"	-117.1625	32.715	0
2009	"San Diego, CA"	-117.1625	32.715	0
2009	"San Diego, CA"	-117.1625	32.715	0
2009	"San Diego, CA"	-117.1625	32.715	0
2009	"San Diego, CA"	-117.1625	32.715	1
2016	"San Diego, CA"	-117.1625	32.715	13
2012	"San Diego, CA"	-117.1625	32.715	27
2009	"San Diego, CA"	-117.1625	32.715	3
2009	"San Diego, CA"	-117.1625	32.715	1
2009	"San Diego, CA"	-117.1625	32.715	0
2009	"San Diego, CA"	-117.1625	32.715	2
2009	"San Diego, CA"	-117.1625	32.715	3
2009	"San Diego, CA"	-117.1625	32.715	0
2009	"San Diego, CA"	-117.1625	32.715	0
2009	"San Diego, CA"	-117.1625	32.715	0
2009	"San Diego, CA"	-117.1625	32.715	0
2009	"San Diego, CA"	-117.1625	32.715	0
2009	"San Diego, CA"	-117.1625	32.715	0
2009	"San Diego, CA"	-117.1625	32.715	0
2009	"San Diego, CA"	-117.1625	32.715	0
2009	"San Diego, CA"	-117.1625	32.715	1
2009	"San Diego, CA"	-117.1625	32.715	0
2009	"San Diego, CA"	-117.1625	32.715	0
2009	"San Diego, CA"	-117.1625	32.715	0
2009	"San Diego, CA"	-117.1625	32.715	0
2009	"San Diego, CA"	-117.1625	32.715	0
2009	"San Diego, CA"	-117.1625	32.715	3
2009	"San Diego, CA"	-117.1625	32.715	0
2009	"San Diego, CA"	-117.1625	32.715	2
2009	"San Diego, CA"	-117.1625	32.715	0
2009	"San Diego, CA"	-117.1625	32.715	0
2009	"San Diego, CA"	-117.1625	32.715	0
2009	"San Diego, CA"	-117.1625	32.715	1
2009	"San Diego, CA"	-117.1625	32.715	0
2009	"San Diego, CA"	-117.1625	32.715	0
2009	"San Diego, CA"	-117.1625	32.715	0
2009	"San Diego, CA"	-117.1625	32.715	0
2009	"San Diego, CA"	-117.1625	32.715	1
2009	"San Diego, CA"	-117.1625	32.715	0
2009	"San Diego, CA"	-117.1625	32.715	0
2009	"San Diego, CA"	-117.1625	32.715	1
2009	"San Diego, CA"	-117.1625	32.715	0
2009	"San Diego, CA"	-117.1625	32.715	0
2009	"San Diego, CA"	-117.1625	32.715	0
2009	"San Diego, CA"	-117.1625	32.715	0
2012	"San Diego, CA"	-117.1625	32.715	9
2012	"San Diego, CA"	-117.1625	32.715	17
2012	"San Diego, CA"	-117.1625	32.715	3
2009	"San Diego, CA"	-117.1625	32.715	0
2009	"San Diego, CA"	-117.1625	32.715	2
2009	"San Diego, CA"	-117.1625	32.715	0
2009	"San Diego, CA"	-117.1625	32.715	0
2009	"San Diego, CA"	-117.1625	32.715	0
2009	"San Diego, CA"	-117.1625	32.715	0
2009	"San Diego, CA"	-117.1625	32.715	0
2009	"San Diego, CA"	-117.1625	32.715	0
2009	"San Diego, CA"	-117.1625	32.715	0
2009	"San Diego, CA"	-117.1625	32.715	2
2009	"San Diego, CA"	-117.1625	32.715	0
2009	"San Diego, CA"	-117.1625	32.715	0
2009	"San Diego, CA"	-117.1625	32.715	0
2009	"San Diego, CA"	-117.1625	32.715	1
2009	"San Diego, CA"	-117.1625	32.715	1
2009	"San Diego, CA"	-117.1625	32.715	0
2009	"San Diego, CA"	-117.1625	32.715	2
2009	"San Diego, CA"	-117.1625	32.715	1
2009	"San Diego, CA"	-117.1625	32.715	0
2009	"San Diego, CA"	-117.1625	32.715	0
2009	"San Diego, CA"	-117.1625	32.715	0
2009	"San Diego, CA"	-117.1625	32.715	2
2009	"San Diego, CA"	-117.1625	32.715	0
2009	"San Diego, CA"	-117.1625	32.715	0
2009	"San Diego, CA"	-117.1625	32.715	0
2009	"San Diego, CA"	-117.1625	32.715	0
2009	"San Diego, CA"	-117.1625	32.715	0
2009	"San Diego, CA"	-117.1625	32.715	1
2009	"San Diego, CA"	-117.1625	32.715	1
2014	"San Diego, CA"	-117.1625	32.715	0
2009	"San Diego, CA"	-117.1625	32.715	241
2012	"San Diego, CA"	-117.1625	32.715	2
2012	"San Diego, CA"	-117.1625	32.715	15
2012	"San Diego, CA"	-117.1625	32.715	6
2012	"San Diego, CA"	-117.1625	32.715	7
2009	"San Diego, CA"	-117.1625	32.715	0
2009	"San Diego, CA"	-117.1625	32.715	0
2009	"San Diego, CA"	-117.1625	32.715	0
2009	"San Diego, CA"	-117.1625	32.715	0
2009	"San Diego, CA"	-117.1625	32.715	0
2009	"San Diego, CA"	-117.1625	32.715	0
2009	"San Diego, CA"	-117.1625	32.715	0
2009	"San Diego, CA"	-117.1625	32.715	2
2009	"San Diego, CA"	-117.1625	32.715	0
2009	"San Diego, CA"	-117.1625	32.715	0
2009	"San Diego, CA"	-117.1625	32.715	0
2009	"San Diego, CA"	-117.1625	32.715	1
2009	"San Diego, CA"	-117.1625	32.715	1
2009	"San Diego, CA"	-117.1625	32.715	0
2009	"San Diego, CA"	-117.1625	32.715	0
2009	"San Diego, CA"	-117.1625	32.715	0
2009	"San Diego, CA"	-117.1625	32.715	0
2009	"San Diego, CA"	-117.1625	32.715	0
2009	"San Diego, CA"	-117.1625	32.715	0
2009	"San Diego, CA"	-117.1625	32.715	0
2009	"San Diego, CA"	-117.1625	32.715	0
2009	"San Diego, CA"	-117.1625	32.715	0
2009	"San Diego, CA"	-117.1625	32.715	0
2009	"San Diego, CA"	-117.1625	32.715	0
2009	"San Diego, CA"	-117.1625	32.715	0
2009	"San Diego, CA"	-117.1625	32.715	0
2012	"San Diego, CA"	-117.1625	32.715	28
2012	"San Diego, CA"	-117.1625	32.715	12
2009	"San Diego, CA"	-117.1625	32.715	0
2009	"San Diego, CA"	-117.1625	32.715	0
2009	"San Diego, CA"	-117.1625	32.715	0
2009	"San Diego, CA"	-117.1625	32.715	0
2009	"San Diego, CA"	-117.1625	32.715	0
2009	"San Diego, CA"	-117.1625	32.715	0
2009	"San Diego, CA"	-117.1625	32.715	2
2009	"San Diego, CA"	-117.1625	32.715	0
2009	"San Diego, CA"	-117.1625	32.715	0
2009	"San Diego, CA"	-117.1625	32.715	0
2009	"San Diego, CA"	-117.1625	32.715	0
2009	"San Diego, CA"	-117.1625	32.715	0
2009	"San Diego, CA"	-117.1625	32.715	2
2009	"San Diego, CA"	-117.1625	32.715	0
2009	"San Diego, CA"	-117.1625	32.715	1
2009	"San Diego, CA"	-117.1625	32.715	1
2009	"San Diego, CA"	-117.1625	32.715	0
2009	"San Diego, CA"	-117.1625	32.715	0
2009	"San Diego, CA"	-117.1625	32.715	0
2009	"San Diego, CA"	-117.1625	32.715	0
2009	"San Diego, CA"	-117.1625	32.715	0
2009	"San Diego, CA"	-117.1625	32.715	0
2009	"San Diego, CA"	-117.1625	32.715	5
2009	"San Diego, CA"	-117.1625	32.715	1
2009	"San Diego, CA"	-117.1625	32.715	0
2014	"San Diego, CA"	-117.1625	32.715	0
2009	"San Diego, CA"	-117.1625	32.715	0
2009	"San Diego, CA"	-117.1625	32.715	0
2009	"San Diego, CA"	-117.1625	32.715	0
2009	"San Diego, CA"	-117.1625	32.715	0
2009	"San Diego, CA"	-117.1625	32.715	0
2009	"San Diego, CA"	-117.1625	32.715	7
2009	"San Diego, CA"	-117.1625	32.715	0
2009	"San Diego, CA"	-117.1625	32.715	0
2009	"San Diego, CA"	-117.1625	32.715	0
2009	"San Diego, CA"	-117.1625	32.715	0
2009	"San Diego, CA"	-117.1625	32.715	0
2009	"San Diego, CA"	-117.1625	32.715	0
2009	"San Diego, CA"	-117.1625	32.715	0
2009	"San Diego, CA"	-117.1625	32.715	0
2009	"San Diego, CA"	-117.1625	32.715	0
2009	"San Diego, CA"	-117.1625	32.715	3
2009	"San Diego, CA"	-117.1625	32.715	0
2009	"San Diego, CA"	-117.1625	32.715	1
2009	"San Diego, CA"	-117.1625	32.715	0
2009	"San Diego, CA"	-117.1625	32.715	0
2009	"San Diego, CA"	-117.1625	32.715	0
2009	"San Diego, CA"	-117.1625	32.715	0
2009	"San Diego, CA"	-117.1625	32.715	0
2009	"San Diego, CA"	-117.1625	32.715	0
2009	"San Diego, CA"	-117.1625	32.715	0
2009	"San Diego, CA"	-117.1625	32.715	0
2009	"San Diego, CA"	-117.1625	32.715	0
2009	"San Diego, CA"	-117.1625	32.715	0
2009	"San Diego, CA"	-117.1625	32.715	0
2009	"San Diego, CA"	-117.1625	32.715	0
2009	"San Diego, CA"	-117.1625	32.715	0
2009	"San Diego, CA"	-117.1625	32.715	0
2009	"San Diego, CA"	-117.1625	32.715	1
2009	"San Diego, CA"	-117.1625	32.715	0
2009	"San Diego, CA"	-117.1625	32.715	0
2009	"San Diego, CA"	-117.1625	32.715	0
2009	"San Diego, CA"	-117.1625	32.715	0
2009	"San Diego, CA"	-117.1625	32.715	3
2009	"San Diego, CA"	-117.1625	32.715	0
2009	"San Diego, CA"	-117.1625	32.715	0
2009	"San Diego, CA"	-117.1625	32.715	0
2009	"San Diego, CA"	-117.1625	32.715	0
2009	"San Diego, CA"	-117.1625	32.715	0
2009	"San Diego, CA"	-117.1625	32.715	0
2009	"San Diego, CA"	-117.1625	32.715	0
2009	"San Diego, CA"	-117.1625	32.715	0
2009	"San Diego, CA"	-117.1625	32.715	0
2009	"San Diego, CA"	-117.1625	32.715	0
2012	"San Diego, CA"	-117.1625	32.715	0
2012	"San Diego, CA"	-117.1625	32.715	26
2009	"San Diego, CA"	-117.1625	32.715	0
2009	"San Diego, CA"	-117.1625	32.715	0
2009	"San Diego, CA"	-117.1625	32.715	1
2009	"San Diego, CA"	-117.1625	32.715	0
2009	"San Diego, CA"	-117.1625	32.715	0
2009	"San Diego, CA"	-117.1625	32.715	0
2009	"San Diego, CA"	-117.1625	32.715	0
2009	"San Diego, CA"	-117.1625	32.715	0
2009	"San Diego, CA"	-117.1625	32.715	0
2009	"San Diego, CA"	-117.1625	32.715	0
2009	"San Diego, CA"	-117.1625	32.715	4
2009	"San Diego, CA"	-117.1625	32.715	0
2009	"San Diego, CA"	-117.1625	32.715	2
2009	"San Diego, CA"	-117.1625	32.715	0
2009	"San Diego, CA"	-117.1625	32.715	0
2009	"San Diego, CA"	-117.1625	32.715	0
2009	"San Diego, CA"	-117.1625	32.715	0
2009	"San Diego, CA"	-117.1625	32.715	0
2009	"San Diego, CA"	-117.1625	32.715	0
2009	"San Diego, CA"	-117.1625	32.715	3
2009	"San Diego, CA"	-117.1625	32.715	0
2009	"San Diego, CA"	-117.1625	32.715	0
2009	"San Diego, CA"	-117.1625	32.715	0
2009	"San Diego, CA"	-117.1625	32.715	0
2009	"San Diego, CA"	-117.1625	32.715	0
2009	"San Diego, CA"	-117.1625	32.715	0
2009	"San Diego, CA"	-117.1625	32.715	1
2009	"San Diego, CA"	-117.1625	32.715	0
2009	"San Diego, CA"	-117.1625	32.715	0
2013	"San Diego, CA"	-117.1625	32.715	0
2012	"San Diego, CA"	-117.1625	32.715	11
2009	"San Diego, CA"	-117.1625	32.715	0
2009	"San Diego, CA"	-117.1625	32.715	0
2009	"San Diego, CA"	-117.1625	32.715	0
2009	"San Diego, CA"	-117.1625	32.715	1
2009	"San Diego, CA"	-117.1625	32.715	0
2009	"San Diego, CA"	-117.1625	32.715	0
2009	"San Diego, CA"	-117.1625	32.715	0
2009	"San Diego, CA"	-117.1625	32.715	0
2009	"San Diego, CA"	-117.1625	32.715	0
2009	"San Diego, CA"	-117.1625	32.715	1
2009	"San Diego, CA"	-117.1625	32.715	0
2009	"San Diego, CA"	-117.1625	32.715	0
2009	"San Diego, CA"	-117.1625	32.715	0
2009	"San Diego, CA"	-117.1625	32.715	0
2009	"San Diego, CA"	-117.1625	32.715	0
2009	"San Diego, CA"	-117.1625	32.715	0
2009	"San Diego, CA"	-117.1625	32.715	0
2009	"San Diego, CA"	-117.1625	32.715	0
2009	"San Diego, CA"	-117.1625	32.715	0
2009	"San Diego, CA"	-117.1625	32.715	0
2009	"San Diego, CA"	-117.1625	32.715	0
2009	"San Diego, CA"	-117.1625	32.715	0
2009	"San Diego, CA"	-117.1625	32.715	0
2009	"San Diego, CA"	-117.1625	32.715	0
2009	"San Diego, CA"	-117.1625	32.715	2
2009	"San Diego, CA"	-117.1625	32.715	1
2009	"San Diego, CA"	-117.1625	32.715	0
2009	"San Diego, CA"	-117.1625	32.715	1
2009	"San Diego, CA"	-117.1625	32.715	0
2009	"San Diego, CA"	-117.1625	32.715	0
2009	"San Diego, CA"	-117.1625	32.715	0
2009	"San Diego, CA"	-117.1625	32.715	0
2012	"San Diego, CA"	-117.1625	32.715	3
2009	"San Diego, CA"	-117.1625	32.715	1
2009	"San Diego, CA"	-117.1625	32.715	0
2009	"San Diego, CA"	-117.1625	32.715	0
2009	"San Diego, CA"	-117.1625	32.715	1
2009	"San Diego, CA"	-117.1625	32.715	0
2009	"San Diego, CA"	-117.1625	32.715	0
2009	"San Diego, CA"	-117.1625	32.715	0
2009	"San Diego, CA"	-117.1625	32.715	0
2009	"San Diego, CA"	-117.1625	32.715	0
2009	"San Diego, CA"	-117.1625	32.715	0
2009	"San Diego, CA"	-117.1625	32.715	1
2009	"San Diego, CA"	-117.1625	32.715	0
2009	"San Diego, CA"	-117.1625	32.715	0
2009	"San Diego, CA"	-117.1625	32.715	1
2009	"San Diego, CA"	-117.1625	32.715	0
2009	"San Diego, CA"	-117.1625	32.715	0
2009	"San Diego, CA"	-117.1625	32.715	0
2009	"San Diego, CA"	-117.1625	32.715	0
2009	"San Diego, CA"	-117.1625	32.715	0
2009	"San Diego, CA"	-117.1625	32.715	0
2009	"San Diego, CA"	-117.1625	32.715	0
2009	"San Diego, CA"	-117.1625	32.715	0
2009	"San Diego, CA"	-117.1625	32.715	0
2009	"San Diego, CA"	-117.1625	32.715	0
2009	"San Diego, CA"	-117.1625	32.715	0
2009	"San Diego, CA"	-117.1625	32.715	0
2009	"San Diego, CA"	-117.1625	32.715	0
2009	"San Diego, CA"	-117.1625	32.715	11
2009	"San Diego, CA"	-117.1625	32.715	0
2009	"San Diego, CA"	-117.1625	32.715	0
2009	"San Diego, CA"	-117.1625	32.715	0
2009	"San Diego, CA"	-117.1625	32.715	0
2009	"San Diego, CA"	-117.1625	32.715	0
2013	"San Francisco, CA"	-122.429047	37.77986	5
2013	"San Francisco, CA"	-122.429047	37.77986	17
2004	"San Francisco, CA"	-122.429047	37.77986	0
2013	"San Francisco, CA"	-122.429047	37.77986	1
2013	"San Francisco, CA"	-122.429047	37.77986	6
2013	"San Francisco, CA"	-122.429047	37.77986	9
2013	"San Francisco, CA"	-122.429047	37.77986	7
2013	"San Francisco, CA"	-122.429047	37.77986	11
2013	"San Francisco, CA"	-122.429047	37.77986	12
2013	"San Francisco, CA"	-122.429047	37.77986	0
2004	"San Francisco, CA"	-122.429047	37.77986	0
2013	"San Francisco, CA"	-122.429047	37.77986	0
2000	"San Francisco, CA"	-122.429047	37.77986	2
2004	"San Francisco, CA"	-122.429047	37.77986	0
2012	"San Francisco, CA"	-122.429047	37.77986	0
2012	"San Francisco, CA"	-122.429047	37.77986	0
2012	"San Francisco, CA"	-122.429047	37.77986	0
2012	"San Francisco, CA"	-122.429047	37.77986	0
2012	"San Francisco, CA"	-122.429047	37.77986	0
2012	"San Francisco, CA"	-122.429047	37.77986	0
2012	"San Francisco, CA"	-122.429047	37.77986	0
2012	"San Francisco, CA"	-122.429047	37.77986	0
2012	"San Francisco, CA"	-122.429047	37.77986	0
2012	"San Francisco, CA"	-122.429047	37.77986	0
2012	"San Francisco, CA"	-122.429047	37.77986	0
2012	"San Francisco, CA"	-122.429047	37.77986	0
2012	"San Francisco, CA"	-122.429047	37.77986	0
2012	"San Francisco, CA"	-122.429047	37.77986	0
2012	"San Francisco, CA"	-122.429047	37.77986	0
2012	"San Francisco, CA"	-122.429047	37.77986	0
2012	"San Francisco, CA"	-122.429047	37.77986	1
2012	"San Francisco, CA"	-122.429047	37.77986	0
2012	"San Francisco, CA"	-122.429047	37.77986	3
2012	"San Francisco, CA"	-122.429047	37.77986	0
2012	"San Francisco, CA"	-122.429047	37.77986	0
2012	"San Francisco, CA"	-122.429047	37.77986	1
2012	"San Francisco, CA"	-122.429047	37.77986	0
2012	"San Francisco, CA"	-122.429047	37.77986	1
2012	"San Francisco, CA"	-122.429047	37.77986	0
2012	"San Francisco, CA"	-122.429047	37.77986	2
2012	"San Francisco, CA"	-122.429047	37.77986	0
2012	"San Francisco, CA"	-122.429047	37.77986	0
2012	"San Francisco, CA"	-122.429047	37.77986	0
2012	"San Francisco, CA"	-122.429047	37.77986	0
2012	"San Francisco, CA"	-122.429047	37.77986	0
2012	"San Francisco, CA"	-122.429047	37.77986	0
2012	"San Francisco, CA"	-122.429047	37.77986	0
2012	"San Francisco, CA"	-122.429047	37.77986	0
2012	"San Francisco, CA"	-122.429047	37.77986	0
2012	"San Francisco, CA"	-122.429047	37.77986	1
2012	"San Francisco, CA"	-122.429047	37.77986	0
2012	"San Francisco, CA"	-122.429047	37.77986	0
2012	"San Francisco, CA"	-122.429047	37.77986	1
2012	"San Francisco, CA"	-122.429047	37.77986	3
2012	"San Francisco, CA"	-122.429047	37.77986	0
2012	"San Francisco, CA"	-122.429047	37.77986	0
2012	"San Francisco, CA"	-122.429047	37.77986	0
2012	"San Francisco, CA"	-122.429047	37.77986	0
2012	"San Francisco, CA"	-122.429047	37.77986	0
2012	"San Francisco, CA"	-122.429047	37.77986	0
2012	"San Francisco, CA"	-122.429047	37.77986	0
2012	"San Francisco, CA"	-122.429047	37.77986	3
2012	"San Francisco, CA"	-122.429047	37.77986	0
2012	"San Francisco, CA"	-122.429047	37.77986	11
2012	"San Francisco, CA"	-122.429047	37.77986	0
2012	"San Francisco, CA"	-122.429047	37.77986	0
2012	"San Francisco, CA"	-122.429047	37.77986	0
2012	"San Francisco, CA"	-122.429047	37.77986	0
2012	"San Francisco, CA"	-122.429047	37.77986	0
2012	"San Francisco, CA"	-122.429047	37.77986	0
2012	"San Francisco, CA"	-122.429047	37.77986	0
2012	"San Francisco, CA"	-122.429047	37.77986	0
2012	"San Francisco, CA"	-122.429047	37.77986	0
2012	"San Francisco, CA"	-122.429047	37.77986	0
2012	"San Francisco, CA"	-122.429047	37.77986	0
2012	"San Francisco, CA"	-122.429047	37.77986	0
2012	"San Francisco, CA"	-122.429047	37.77986	0
2012	"San Francisco, CA"	-122.429047	37.77986	0
2012	"San Francisco, CA"	-122.429047	37.77986	0
2012	"San Francisco, CA"	-122.429047	37.77986	0
2012	"San Francisco, CA"	-122.429047	37.77986	0
2012	"San Francisco, CA"	-122.429047	37.77986	0
2012	"San Francisco, CA"	-122.429047	37.77986	0
2012	"San Francisco, CA"	-122.429047	37.77986	0
2012	"San Francisco, CA"	-122.429047	37.77986	0
2012	"San Francisco, CA"	-122.429047	37.77986	0
2012	"San Francisco, CA"	-122.429047	37.77986	1
2012	"San Francisco, CA"	-122.429047	37.77986	0
2012	"San Francisco, CA"	-122.429047	37.77986	0
2012	"San Francisco, CA"	-122.429047	37.77986	0
2012	"San Francisco, CA"	-122.429047	37.77986	0
2012	"San Francisco, CA"	-122.429047	37.77986	0
2012	"San Francisco, CA"	-122.429047	37.77986	0
2012	"San Francisco, CA"	-122.429047	37.77986	0
2012	"San Francisco, CA"	-122.429047	37.77986	0
2012	"San Francisco, CA"	-122.429047	37.77986	0
2012	"San Francisco, CA"	-122.429047	37.77986	0
2012	"San Francisco, CA"	-122.429047	37.77986	0
2012	"San Francisco, CA"	-122.429047	37.77986	0
2012	"San Francisco, CA"	-122.429047	37.77986	0
2012	"San Francisco, CA"	-122.429047	37.77986	0
2012	"San Francisco, CA"	-122.429047	37.77986	0
2012	"San Francisco, CA"	-122.429047	37.77986	0
2012	"San Francisco, CA"	-122.429047	37.77986	0
2012	"San Francisco, CA"	-122.429047	37.77986	0
2012	"San Francisco, CA"	-122.429047	37.77986	0
2012	"San Francisco, CA"	-122.429047	37.77986	0
2012	"San Francisco, CA"	-122.429047	37.77986	0
2012	"San Francisco, CA"	-122.429047	37.77986	0
2012	"San Francisco, CA"	-122.429047	37.77986	0
2012	"San Francisco, CA"	-122.429047	37.77986	0
2012	"San Francisco, CA"	-122.429047	37.77986	0
2012	"San Francisco, CA"	-122.429047	37.77986	0
2012	"San Francisco, CA"	-122.429047	37.77986	0
2012	"San Francisco, CA"	-122.429047	37.77986	0
2012	"San Francisco, CA"	-122.429047	37.77986	0
2012	"San Francisco, CA"	-122.429047	37.77986	1
2012	"San Francisco, CA"	-122.429047	37.77986	1
2012	"San Francisco, CA"	-122.429047	37.77986	0
2012	"San Francisco, CA"	-122.429047	37.77986	0
2012	"San Francisco, CA"	-122.429047	37.77986	0
2012	"San Francisco, CA"	-122.429047	37.77986	0
2012	"San Francisco, CA"	-122.429047	37.77986	0
2012	"San Francisco, CA"	-122.429047	37.77986	0
2012	"San Francisco, CA"	-122.429047	37.77986	0
2012	"San Francisco, CA"	-122.429047	37.77986	0
2012	"San Francisco, CA"	-122.429047	37.77986	0
2012	"San Francisco, CA"	-122.429047	37.77986	0
2012	"San Francisco, CA"	-122.429047	37.77986	0
2012	"San Francisco, CA"	-122.429047	37.77986	0
2012	"San Francisco, CA"	-122.429047	37.77986	0
2012	"San Francisco, CA"	-122.429047	37.77986	5
2012	"San Francisco, CA"	-122.429047	37.77986	0
2012	"San Francisco, CA"	-122.429047	37.77986	1
2012	"San Francisco, CA"	-122.429047	37.77986	0
2012	"San Francisco, CA"	-122.429047	37.77986	0
2012	"San Francisco, CA"	-122.429047	37.77986	0
2012	"San Francisco, CA"	-122.429047	37.77986	0
2012	"San Francisco, CA"	-122.429047	37.77986	0
2016	"San Francisco, CA"	-122.429047	37.77986	8
2012	"San Francisco, CA"	-122.429047	37.77986	0
2012	"San Francisco, CA"	-122.429047	37.77986	0
2012	"San Francisco, CA"	-122.429047	37.77986	0
2012	"San Francisco, CA"	-122.429047	37.77986	0
2012	"San Francisco, CA"	-122.429047	37.77986	0
2012	"San Francisco, CA"	-122.429047	37.77986	0
2012	"San Francisco, CA"	-122.429047	37.77986	0
2012	"San Francisco, CA"	-122.429047	37.77986	0
2012	"San Francisco, CA"	-122.429047	37.77986	0
2012	"San Francisco, CA"	-122.429047	37.77986	0
2012	"San Francisco, CA"	-122.429047	37.77986	0
2012	"San Francisco, CA"	-122.429047	37.77986	0
2012	"San Francisco, CA"	-122.429047	37.77986	0
2012	"San Francisco, CA"	-122.429047	37.77986	0
2012	"San Francisco, CA"	-122.429047	37.77986	0
2012	"San Francisco, CA"	-122.429047	37.77986	2
2012	"San Francisco, CA"	-122.429047	37.77986	0
2012	"San Francisco, CA"	-122.429047	37.77986	0
2012	"San Francisco, CA"	-122.429047	37.77986	0
2012	"San Francisco, CA"	-122.429047	37.77986	0
2012	"San Francisco, CA"	-122.429047	37.77986	0
2012	"San Francisco, CA"	-122.429047	37.77986	0
2012	"San Francisco, CA"	-122.429047	37.77986	2
2012	"San Francisco, CA"	-122.429047	37.77986	0
2012	"San Francisco, CA"	-122.429047	37.77986	0
2012	"San Francisco, CA"	-122.429047	37.77986	0
2012	"San Francisco, CA"	-122.429047	37.77986	0
2012	"San Francisco, CA"	-122.429047	37.77986	0
2012	"San Francisco, CA"	-122.429047	37.77986	0
2012	"San Francisco, CA"	-122.429047	37.77986	0
2012	"San Francisco, CA"	-122.429047	37.77986	0
2012	"San Francisco, CA"	-122.429047	37.77986	0
2012	"San Francisco, CA"	-122.429047	37.77986	0
2012	"San Francisco, CA"	-122.429047	37.77986	0
2012	"San Francisco, CA"	-122.429047	37.77986	0
2012	"San Francisco, CA"	-122.429047	37.77986	0
2012	"San Francisco, CA"	-122.429047	37.77986	0
2012	"San Francisco, CA"	-122.429047	37.77986	0
2012	"San Francisco, CA"	-122.429047	37.77986	0
2012	"San Francisco, CA"	-122.429047	37.77986	0
2012	"San Francisco, CA"	-122.429047	37.77986	1
2012	"San Francisco, CA"	-122.429047	37.77986	0
2012	"San Francisco, CA"	-122.429047	37.77986	0
2012	"San Francisco, CA"	-122.429047	37.77986	0
2012	"San Francisco, CA"	-122.429047	37.77986	0
2012	"San Francisco, CA"	-122.429047	37.77986	0
2012	"San Francisco, CA"	-122.429047	37.77986	0
2012	"San Francisco, CA"	-122.429047	37.77986	0
2012	"San Francisco, CA"	-122.429047	37.77986	0
2012	"San Francisco, CA"	-122.429047	37.77986	1
2012	"San Francisco, CA"	-122.429047	37.77986	0
2012	"San Francisco, CA"	-122.429047	37.77986	0
2012	"San Francisco, CA"	-122.429047	37.77986	0
2012	"San Francisco, CA"	-122.429047	37.77986	0
2012	"San Francisco, CA"	-122.429047	37.77986	0
2012	"San Francisco, CA"	-122.429047	37.77986	1
2012	"San Francisco, CA"	-122.429047	37.77986	0
2012	"San Francisco, CA"	-122.429047	37.77986	0
2012	"San Francisco, CA"	-122.429047	37.77986	0
2012	"San Francisco, CA"	-122.429047	37.77986	0
2012	"San Francisco, CA"	-122.429047	37.77986	0
2012	"San Francisco, CA"	-122.429047	37.77986	1
2012	"San Francisco, CA"	-122.429047	37.77986	0
2012	"San Francisco, CA"	-122.429047	37.77986	1
2012	"San Francisco, CA"	-122.429047	37.77986	0
2012	"San Francisco, CA"	-122.429047	37.77986	0
2012	"San Francisco, CA"	-122.429047	37.77986	0
2012	"San Francisco, CA"	-122.429047	37.77986	0
2012	"San Francisco, CA"	-122.429047	37.77986	0
2012	"San Francisco, CA"	-122.429047	37.77986	0
2012	"San Francisco, CA"	-122.429047	37.77986	0
2012	"San Francisco, CA"	-122.429047	37.77986	0
2012	"San Francisco, CA"	-122.429047	37.77986	0
2012	"San Francisco, CA"	-122.429047	37.77986	0
2012	"San Francisco, CA"	-122.429047	37.77986	1
2012	"San Francisco, CA"	-122.429047	37.77986	1
2012	"San Francisco, CA"	-122.429047	37.77986	1
2012	"San Francisco, CA"	-122.429047	37.77986	0
2012	"San Francisco, CA"	-122.429047	37.77986	0
2012	"San Francisco, CA"	-122.429047	37.77986	0
2012	"San Francisco, CA"	-122.429047	37.77986	0
2012	"San Francisco, CA"	-122.429047	37.77986	0
2012	"San Francisco, CA"	-122.429047	37.77986	0
2012	"San Francisco, CA"	-122.429047	37.77986	7
2012	"San Francisco, CA"	-122.429047	37.77986	0
2012	"San Francisco, CA"	-122.429047	37.77986	0
2012	"San Francisco, CA"	-122.429047	37.77986	0
2012	"San Francisco, CA"	-122.429047	37.77986	0
2012	"San Francisco, CA"	-122.429047	37.77986	0
2012	"San Francisco, CA"	-122.429047	37.77986	2
2012	"San Francisco, CA"	-122.429047	37.77986	0
2012	"San Francisco, CA"	-122.429047	37.77986	0
2012	"San Francisco, CA"	-122.429047	37.77986	0
2012	"San Francisco, CA"	-122.429047	37.77986	0
2012	"San Francisco, CA"	-122.429047	37.77986	0
2012	"San Francisco, CA"	-122.429047	37.77986	0
2012	"San Francisco, CA"	-122.429047	37.77986	0
2012	"San Francisco, CA"	-122.429047	37.77986	1
2012	"San Francisco, CA"	-122.429047	37.77986	0
2012	"San Francisco, CA"	-122.429047	37.77986	0
2012	"San Francisco, CA"	-122.429047	37.77986	0
2012	"San Francisco, CA"	-122.429047	37.77986	0
2012	"San Francisco, CA"	-122.429047	37.77986	0
2012	"San Francisco, CA"	-122.429047	37.77986	0
2012	"San Francisco, CA"	-122.429047	37.77986	0
2012	"San Francisco, CA"	-122.429047	37.77986	1
2012	"San Francisco, CA"	-122.429047	37.77986	0
2012	"San Francisco, CA"	-122.429047	37.77986	0
2012	"San Francisco, CA"	-122.429047	37.77986	0
2012	"San Francisco, CA"	-122.429047	37.77986	0
2012	"San Francisco, CA"	-122.429047	37.77986	0
2012	"San Francisco, CA"	-122.429047	37.77986	0
2012	"San Francisco, CA"	-122.429047	37.77986	0
2012	"San Francisco, CA"	-122.429047	37.77986	0
2012	"San Francisco, CA"	-122.429047	37.77986	0
2012	"San Francisco, CA"	-122.429047	37.77986	1
2012	"San Francisco, CA"	-122.429047	37.77986	0
2012	"San Francisco, CA"	-122.429047	37.77986	0
2012	"San Francisco, CA"	-122.429047	37.77986	0
2012	"San Francisco, CA"	-122.429047	37.77986	0
2012	"San Francisco, CA"	-122.429047	37.77986	0
2012	"San Francisco, CA"	-122.429047	37.77986	0
2012	"San Francisco, CA"	-122.429047	37.77986	0
2012	"San Francisco, CA"	-122.429047	37.77986	0
2012	"San Francisco, CA"	-122.429047	37.77986	0
2012	"San Francisco, CA"	-122.429047	37.77986	0
2012	"San Francisco, CA"	-122.429047	37.77986	0
2012	"San Francisco, CA"	-122.429047	37.77986	0
2012	"San Francisco, CA"	-122.429047	37.77986	0
2012	"San Francisco, CA"	-122.429047	37.77986	0
2012	"San Francisco, CA"	-122.429047	37.77986	0
2012	"San Francisco, CA"	-122.429047	37.77986	1
2012	"San Francisco, CA"	-122.429047	37.77986	0
2012	"San Francisco, CA"	-122.429047	37.77986	0
2012	"San Francisco, CA"	-122.429047	37.77986	0
2012	"San Francisco, CA"	-122.429047	37.77986	0
2012	"San Francisco, CA"	-122.429047	37.77986	0
2012	"San Francisco, CA"	-122.429047	37.77986	0
2012	"San Francisco, CA"	-122.429047	37.77986	0
2012	"San Francisco, CA"	-122.429047	37.77986	0
2012	"San Francisco, CA"	-122.429047	37.77986	0
2012	"San Francisco, CA"	-122.429047	37.77986	0
2012	"San Francisco, CA"	-122.429047	37.77986	0
2012	"San Francisco, CA"	-122.429047	37.77986	0
2012	"San Francisco, CA"	-122.429047	37.77986	0
2012	"San Francisco, CA"	-122.429047	37.77986	0
2012	"San Francisco, CA"	-122.429047	37.77986	0
2012	"San Francisco, CA"	-122.429047	37.77986	0
2012	"San Francisco, CA"	-122.429047	37.77986	0
2012	"San Francisco, CA"	-122.429047	37.77986	0
2012	"San Francisco, CA"	-122.429047	37.77986	0
2012	"San Francisco, CA"	-122.429047	37.77986	2
2012	"San Francisco, CA"	-122.429047	37.77986	0
2012	"San Francisco, CA"	-122.429047	37.77986	0
2012	"San Francisco, CA"	-122.429047	37.77986	0
2012	"San Francisco, CA"	-122.429047	37.77986	0
2012	"San Francisco, CA"	-122.429047	37.77986	1
2012	"San Francisco, CA"	-122.429047	37.77986	0
2012	"San Francisco, CA"	-122.429047	37.77986	0
2012	"San Francisco, CA"	-122.429047	37.77986	0
2012	"San Francisco, CA"	-122.429047	37.77986	0
2012	"San Francisco, CA"	-122.429047	37.77986	0
2012	"San Francisco, CA"	-122.429047	37.77986	0
2012	"San Francisco, CA"	-122.429047	37.77986	0
2012	"San Francisco, CA"	-122.429047	37.77986	0
2012	"San Francisco, CA"	-122.429047	37.77986	1
2012	"San Francisco, CA"	-122.429047	37.77986	1
2012	"San Francisco, CA"	-122.429047	37.77986	0
2012	"San Francisco, CA"	-122.429047	37.77986	0
2012	"San Francisco, CA"	-122.429047	37.77986	0
2012	"San Francisco, CA"	-122.429047	37.77986	1
2012	"San Francisco, CA"	-122.429047	37.77986	0
2012	"San Francisco, CA"	-122.429047	37.77986	0
2012	"San Francisco, CA"	-122.429047	37.77986	0
2012	"San Francisco, CA"	-122.429047	37.77986	0
2012	"San Francisco, CA"	-122.429047	37.77986	0
2012	"San Francisco, CA"	-122.429047	37.77986	0
2012	"San Francisco, CA"	-122.429047	37.77986	0
2012	"San Francisco, CA"	-122.429047	37.77986	0
2012	"San Francisco, CA"	-122.429047	37.77986	0
2012	"San Francisco, CA"	-122.429047	37.77986	1
2012	"San Francisco, CA"	-122.429047	37.77986	0
2012	"San Francisco, CA"	-122.429047	37.77986	0
2012	"San Francisco, CA"	-122.429047	37.77986	0
2012	"San Francisco, CA"	-122.429047	37.77986	0
2012	"San Francisco, CA"	-122.429047	37.77986	0
2012	"San Francisco, CA"	-122.429047	37.77986	0
2016	"San Francisco, CA"	-122.429047	37.77986	1
2012	"San Francisco, CA"	-122.429047	37.77986	0
2012	"San Francisco, CA"	-122.429047	37.77986	0
2012	"San Francisco, CA"	-122.429047	37.77986	0
2012	"San Francisco, CA"	-122.429047	37.77986	0
2012	"San Francisco, CA"	-122.429047	37.77986	0
2012	"San Francisco, CA"	-122.429047	37.77986	0
2012	"San Francisco, CA"	-122.429047	37.77986	0
2012	"San Francisco, CA"	-122.429047	37.77986	0
2012	"San Francisco, CA"	-122.429047	37.77986	0
2012	"San Francisco, CA"	-122.429047	37.77986	0
2012	"San Francisco, CA"	-122.429047	37.77986	0
2012	"San Francisco, CA"	-122.429047	37.77986	1
2012	"San Francisco, CA"	-122.429047	37.77986	0
2012	"San Francisco, CA"	-122.429047	37.77986	0
2012	"San Francisco, CA"	-122.429047	37.77986	0
2012	"San Francisco, CA"	-122.429047	37.77986	0
2012	"San Francisco, CA"	-122.429047	37.77986	0
2012	"San Francisco, CA"	-122.429047	37.77986	0
2012	"San Francisco, CA"	-122.429047	37.77986	0
2012	"San Francisco, CA"	-122.429047	37.77986	0
2012	"San Francisco, CA"	-122.429047	37.77986	2
2012	"San Francisco, CA"	-122.429047	37.77986	0
2012	"San Francisco, CA"	-122.429047	37.77986	2
2012	"San Francisco, CA"	-122.429047	37.77986	0
2012	"San Francisco, CA"	-122.429047	37.77986	1
2012	"San Francisco, CA"	-122.429047	37.77986	0
2012	"San Francisco, CA"	-122.429047	37.77986	0
2012	"San Francisco, CA"	-122.429047	37.77986	0
2012	"San Francisco, CA"	-122.429047	37.77986	0
2012	"San Francisco, CA"	-122.429047	37.77986	0
2012	"San Francisco, CA"	-122.429047	37.77986	0
2012	"San Francisco, CA"	-122.429047	37.77986	0
2012	"San Francisco, CA"	-122.429047	37.77986	0
2012	"San Francisco, CA"	-122.429047	37.77986	0
2012	"San Francisco, CA"	-122.429047	37.77986	0
2012	"San Francisco, CA"	-122.429047	37.77986	0
2012	"San Francisco, CA"	-122.429047	37.77986	0
2012	"San Francisco, CA"	-122.429047	37.77986	0
2012	"San Francisco, CA"	-122.429047	37.77986	0
2012	"San Francisco, CA"	-122.429047	37.77986	0
2012	"San Francisco, CA"	-122.429047	37.77986	0
2012	"San Francisco, CA"	-122.429047	37.77986	0
2012	"San Francisco, CA"	-122.429047	37.77986	0
2012	"San Francisco, CA"	-122.429047	37.77986	1
2012	"San Francisco, CA"	-122.429047	37.77986	0
2012	"San Francisco, CA"	-122.429047	37.77986	0
2012	"San Francisco, CA"	-122.429047	37.77986	0
2012	"San Francisco, CA"	-122.429047	37.77986	1
2012	"San Francisco, CA"	-122.429047	37.77986	0
2012	"San Francisco, CA"	-122.429047	37.77986	0
2012	"San Francisco, CA"	-122.429047	37.77986	0
2012	"San Francisco, CA"	-122.429047	37.77986	0
2012	"San Francisco, CA"	-122.429047	37.77986	0
2012	"San Francisco, CA"	-122.429047	37.77986	0
2012	"San Francisco, CA"	-122.429047	37.77986	0
2012	"San Francisco, CA"	-122.429047	37.77986	0
2012	"San Francisco, CA"	-122.429047	37.77986	0
2012	"San Francisco, CA"	-122.429047	37.77986	0
2012	"San Francisco, CA"	-122.429047	37.77986	1
2012	"San Francisco, CA"	-122.429047	37.77986	0
2012	"San Francisco, CA"	-122.429047	37.77986	0
2012	"San Francisco, CA"	-122.429047	37.77986	0
2012	"San Francisco, CA"	-122.429047	37.77986	0
2012	"San Francisco, CA"	-122.429047	37.77986	2
2012	"San Francisco, CA"	-122.429047	37.77986	0
2012	"San Francisco, CA"	-122.429047	37.77986	0
2012	"San Francisco, CA"	-122.429047	37.77986	0
2012	"San Francisco, CA"	-122.429047	37.77986	0
2012	"San Francisco, CA"	-122.429047	37.77986	0
2012	"San Francisco, CA"	-122.429047	37.77986	0
2012	"San Francisco, CA"	-122.429047	37.77986	0
2012	"San Francisco, CA"	-122.429047	37.77986	0
2012	"San Francisco, CA"	-122.429047	37.77986	0
2012	"San Francisco, CA"	-122.429047	37.77986	0
2012	"San Francisco, CA"	-122.429047	37.77986	1
2012	"San Francisco, CA"	-122.429047	37.77986	0
2012	"San Francisco, CA"	-122.429047	37.77986	0
2012	"San Francisco, CA"	-122.429047	37.77986	0
2012	"San Francisco, CA"	-122.429047	37.77986	0
2012	"San Francisco, CA"	-122.429047	37.77986	0
2012	"San Francisco, CA"	-122.429047	37.77986	1
2012	"San Francisco, CA"	-122.429047	37.77986	0
2012	"San Francisco, CA"	-122.429047	37.77986	0
2012	"San Francisco, CA"	-122.429047	37.77986	0
2012	"San Francisco, CA"	-122.429047	37.77986	0
2012	"San Francisco, CA"	-122.429047	37.77986	0
2012	"San Francisco, CA"	-122.429047	37.77986	0
2012	"San Francisco, CA"	-122.429047	37.77986	0
2012	"San Francisco, CA"	-122.429047	37.77986	0
2012	"San Francisco, CA"	-122.429047	37.77986	1
2012	"San Francisco, CA"	-122.429047	37.77986	2
2012	"San Francisco, CA"	-122.429047	37.77986	0
2012	"San Francisco, CA"	-122.429047	37.77986	0
2012	"San Francisco, CA"	-122.429047	37.77986	0
2012	"San Francisco, CA"	-122.429047	37.77986	0
2012	"San Francisco, CA"	-122.429047	37.77986	0
2012	"San Francisco, CA"	-122.429047	37.77986	1
2012	"San Francisco, CA"	-122.429047	37.77986	3
2012	"San Francisco, CA"	-122.429047	37.77986	0
2012	"San Francisco, CA"	-122.429047	37.77986	0
2012	"San Francisco, CA"	-122.429047	37.77986	0
2012	"San Francisco, CA"	-122.429047	37.77986	0
2012	"San Francisco, CA"	-122.429047	37.77986	0
2012	"San Francisco, CA"	-122.429047	37.77986	0
2012	"San Francisco, CA"	-122.429047	37.77986	0
2012	"San Francisco, CA"	-122.429047	37.77986	0
2012	"San Francisco, CA"	-122.429047	37.77986	0
2012	"San Francisco, CA"	-122.429047	37.77986	0
2012	"San Francisco, CA"	-122.429047	37.77986	0
2012	"San Francisco, CA"	-122.429047	37.77986	0
2012	"San Francisco, CA"	-122.429047	37.77986	1
2012	"San Francisco, CA"	-122.429047	37.77986	0
2012	"San Francisco, CA"	-122.429047	37.77986	0
2012	"San Francisco, CA"	-122.429047	37.77986	1
2012	"San Francisco, CA"	-122.429047	37.77986	0
2012	"San Francisco, CA"	-122.429047	37.77986	0
2012	"San Francisco, CA"	-122.429047	37.77986	1
2012	"San Francisco, CA"	-122.429047	37.77986	0
2012	"San Francisco, CA"	-122.429047	37.77986	1
2012	"San Francisco, CA"	-122.429047	37.77986	0
2012	"San Francisco, CA"	-122.429047	37.77986	0
2012	"San Francisco, CA"	-122.429047	37.77986	0
2012	"San Francisco, CA"	-122.429047	37.77986	0
2012	"San Francisco, CA"	-122.429047	37.77986	0
2012	"San Francisco, CA"	-122.429047	37.77986	0
2012	"San Francisco, CA"	-122.429047	37.77986	0
2012	"San Francisco, CA"	-122.429047	37.77986	0
2012	"San Francisco, CA"	-122.429047	37.77986	0
2012	"San Francisco, CA"	-122.429047	37.77986	0
2012	"San Francisco, CA"	-122.429047	37.77986	0
2012	"San Francisco, CA"	-122.429047	37.77986	0
2012	"San Francisco, CA"	-122.429047	37.77986	0
2012	"San Francisco, CA"	-122.429047	37.77986	0
2012	"San Francisco, CA"	-122.429047	37.77986	1
2012	"San Francisco, CA"	-122.429047	37.77986	0
2012	"San Francisco, CA"	-122.429047	37.77986	15
2012	"San Francisco, CA"	-122.429047	37.77986	0
2012	"San Francisco, CA"	-122.429047	37.77986	0
2012	"San Francisco, CA"	-122.429047	37.77986	0
2012	"San Francisco, CA"	-122.429047	37.77986	6
2012	"San Francisco, CA"	-122.429047	37.77986	0
2012	"San Francisco, CA"	-122.429047	37.77986	0
2012	"San Francisco, CA"	-122.429047	37.77986	0
2012	"San Francisco, CA"	-122.429047	37.77986	0
2012	"San Francisco, CA"	-122.429047	37.77986	0
2012	"San Francisco, CA"	-122.429047	37.77986	0
2012	"San Francisco, CA"	-122.429047	37.77986	0
2012	"San Francisco, CA"	-122.429047	37.77986	0
2012	"San Francisco, CA"	-122.429047	37.77986	0
2012	"San Francisco, CA"	-122.429047	37.77986	0
2012	"San Francisco, CA"	-122.429047	37.77986	0
2012	"San Francisco, CA"	-122.429047	37.77986	0
2012	"San Francisco, CA"	-122.429047	37.77986	5
2012	"San Francisco, CA"	-122.429047	37.77986	0
2012	"San Francisco, CA"	-122.429047	37.77986	0
2012	"San Francisco, CA"	-122.429047	37.77986	0
2012	"San Francisco, CA"	-122.429047	37.77986	0
2012	"San Francisco, CA"	-122.429047	37.77986	0
2012	"San Francisco, CA"	-122.429047	37.77986	0
2012	"San Francisco, CA"	-122.429047	37.77986	0
2012	"San Francisco, CA"	-122.429047	37.77986	0
2012	"San Francisco, CA"	-122.429047	37.77986	0
2012	"San Francisco, CA"	-122.429047	37.77986	0
2012	"San Francisco, CA"	-122.429047	37.77986	0
2012	"San Francisco, CA"	-122.429047	37.77986	0
2004	"San Francisco, CA"	-122.429047	37.77986	7
2012	"San Francisco, CA"	-122.429047	37.77986	0
2012	"San Francisco, CA"	-122.429047	37.77986	0
2012	"San Francisco, CA"	-122.429047	37.77986	0
2012	"San Francisco, CA"	-122.429047	37.77986	0
2012	"San Francisco, CA"	-122.429047	37.77986	0
2012	"San Francisco, CA"	-122.429047	37.77986	0
2012	"San Francisco, CA"	-122.429047	37.77986	0
2012	"San Francisco, CA"	-122.429047	37.77986	0
2012	"San Francisco, CA"	-122.429047	37.77986	0
2012	"San Francisco, CA"	-122.429047	37.77986	0
2012	"San Francisco, CA"	-122.429047	37.77986	1
2012	"San Francisco, CA"	-122.429047	37.77986	0
2012	"San Francisco, CA"	-122.429047	37.77986	0
2012	"San Francisco, CA"	-122.429047	37.77986	0
2012	"San Francisco, CA"	-122.429047	37.77986	0
2012	"San Francisco, CA"	-122.429047	37.77986	0
2012	"San Francisco, CA"	-122.429047	37.77986	0
2012	"San Francisco, CA"	-122.429047	37.77986	0
2012	"San Francisco, CA"	-122.429047	37.77986	0
2012	"San Francisco, CA"	-122.429047	37.77986	0
2012	"San Francisco, CA"	-122.429047	37.77986	0
2012	"San Francisco, CA"	-122.429047	37.77986	1
2012	"San Francisco, CA"	-122.429047	37.77986	3
2012	"San Francisco, CA"	-122.429047	37.77986	0
2012	"San Francisco, CA"	-122.429047	37.77986	0
2012	"San Francisco, CA"	-122.429047	37.77986	0
2012	"San Francisco, CA"	-122.429047	37.77986	1
2012	"San Francisco, CA"	-122.429047	37.77986	0
2012	"San Francisco, CA"	-122.429047	37.77986	1
2012	"San Francisco, CA"	-122.429047	37.77986	0
2004	"San Francisco, CA"	-122.429047	37.77986	15
2004	"San Francisco, CA"	-122.429047	37.77986	3
2004	"San Francisco, CA"	-122.429047	37.77986	5
2004	"San Francisco, CA"	-122.429047	37.77986	6
2004	"San Francisco, CA"	-122.429047	37.77986	10
2004	"San Francisco, CA"	-122.429047	37.77986	0
2004	"San Francisco, CA"	-122.429047	37.77986	4
2004	"San Francisco, CA"	-122.429047	37.77986	2
2004	"San Francisco, CA"	-122.429047	37.77986	4
2004	"San Francisco, CA"	-122.429047	37.77986	7
2004	"San Francisco, CA"	-122.429047	37.77986	2
2004	"San Francisco, CA"	-122.429047	37.77986	12
2004	"San Francisco, CA"	-122.429047	37.77986	8
2004	"San Francisco, CA"	-122.429047	37.77986	20
2004	"San Francisco, CA"	-122.429047	37.77986	2
2004	"San Francisco, CA"	-122.429047	37.77986	3